row_type,algorithm,split,scenario,seed,success_rate,actual_configuration_changes,unnecessary_actions,invalid_actions,diagnostic_actions,rollbacks,healthy_network_impacts,steps,python_simulation_seconds
episode,rule_based,train,access_vlan_sw1,0,1.0,1.0,0.0,0.0,2.0,0.0,0.0,4.0,0.00034633900000358153
episode,rule_based,train,combined_train,0,1.0,2.0,0.0,0.0,2.0,0.0,0.0,5.0,0.00034541899999851466
episode,rule_based,train,trunk_missing_sw1,0,1.0,1.0,0.0,0.0,2.0,0.0,0.0,4.0,0.0002579140000023017
episode,rule_based,eval,access_vlan_sw2,0,1.0,1.0,0.0,0.0,2.0,0.0,0.0,4.0,0.0002643700000106719
episode,rule_based,eval,combined_eval,0,1.0,2.0,0.0,0.0,2.0,0.0,0.0,5.0,0.0003206970000064757
episode,rule_based,eval,trunk_missing_sw2,0,1.0,1.0,0.0,0.0,2.0,0.0,0.0,4.0,0.00023951400000044032
episode,configuration_diff,train,access_vlan_sw1,0,1.0,1.0,0.0,0.0,0.0,0.0,0.0,2.0,0.00013636999999278032
episode,configuration_diff,train,combined_train,0,1.0,2.0,0.0,0.0,0.0,0.0,0.0,3.0,0.00027029199999617504
episode,configuration_diff,train,trunk_missing_sw1,0,1.0,1.0,0.0,0.0,0.0,0.0,0.0,2.0,0.00013476500001274871
episode,configuration_diff,eval,access_vlan_sw2,0,1.0,1.0,0.0,0.0,0.0,0.0,0.0,2.0,0.00013171899999520065
episode,configuration_diff,eval,combined_eval,0,1.0,2.0,0.0,0.0,0.0,0.0,0.0,3.0,0.00019168500000432687
episode,configuration_diff,eval,trunk_missing_sw2,0,1.0,1.0,0.0,0.0,0.0,0.0,0.0,2.0,0.0001276609999933953
scenario_mean,configuration_diff,eval,access_vlan_sw2,mean,1.0,1.0,0.0,0.0,0.0,0.0,0.0,2.0,0.00013171899999520065
scenario_mean,configuration_diff,eval,combined_eval,mean,1.0,2.0,0.0,0.0,0.0,0.0,0.0,3.0,0.00019168500000432687
scenario_mean,configuration_diff,eval,trunk_missing_sw2,mean,1.0,1.0,0.0,0.0,0.0,0.0,0.0,2.0,0.0001276609999933953
scenario_mean,configuration_diff,train,access_vlan_sw1,mean,1.0,1.0,0.0,0.0,0.0,0.0,0.0,2.0,0.00013636999999278032
scenario_mean,configuration_diff,train,combined_train,mean,1.0,2.0,0.0,0.0,0.0,0.0,0.0,3.0,0.00027029199999617504
scenario_mean,configuration_diff,train,trunk_missing_sw1,mean,1.0,1.0,0.0,0.0,0.0,0.0,0.0,2.0,0.00013476500001274871
scenario_mean,rule_based,eval,access_vlan_sw2,mean,1.0,1.0,0.0,0.0,2.0,0.0,0.0,4.0,0.0002643700000106719
scenario_mean,rule_based,eval,combined_eval,mean,1.0,2.0,0.0,0.0,2.0,0.0,0.0,5.0,0.0003206970000064757
scenario_mean,rule_based,eval,trunk_missing_sw2,mean,1.0,1.0,0.0,0.0,2.0,0.0,0.0,4.0,0.00023951400000044032
scenario_mean,rule_based,train,access_vlan_sw1,mean,1.0,1.0,0.0,0.0,2.0,0.0,0.0,4.0,0.00034633900000358153
scenario_mean,rule_based,train,combined_train,mean,1.0,2.0,0.0,0.0,2.0,0.0,0.0,5.0,0.00034541899999851466
scenario_mean,rule_based,train,trunk_missing_sw1,mean,1.0,1.0,0.0,0.0,2.0,0.0,0.0,4.0,0.0002579140000023017
overall_mean,configuration_diff,all,__overall__,mean,1.0,1.3333333333333333,0.0,0.0,0.0,0.0,0.0,2.3333333333333335,0.00016541533333243782
overall_mean,rule_based,all,__overall__,mean,1.0,1.3333333333333333,0.0,0.0,2.0,0.0,0.0,4.333333333333333,0.00029570883333699766
