episode,window_start,window_size,episode_return_rolling_100,recovery_success_rolling_100,episode_steps_rolling_100,new_policy_damage_events_rolling_100,service_damage_actions_rolling_100,unique_newly_damaged_policies_rolling_100,post_recovery_damage_events_rolling_100,mean_loss_rolling_100
1,1,1,-10.350000000000001,0.0,2.0,0.0,0.0,0.0,0.0,
2,1,2,-13.475000000000001,0.0,6.0,4.0,3.0,2.5,0.0,
3,1,3,-13.366666666666667,0.0,6.666666666666667,3.3333333333333335,2.6666666666666665,2.3333333333333335,0.0,
4,1,4,-12.537500000000001,0.0,5.25,2.5,2.0,1.75,0.0,
5,1,5,-14.01,0.0,8.4,3.6,3.0,2.6,0.0,
6,1,6,-13.608333333333334,0.0,7.833333333333333,3.1666666666666665,2.6666666666666665,2.3333333333333335,0.0,
7,1,7,-13.87857142857143,0.0,8.571428571428571,3.2857142857142856,2.857142857142857,2.5714285714285716,0.0,
8,1,8,-13.78125,0.0,8.75,3.0,2.625,2.375,0.0,
9,1,9,-13.82777777777778,0.0,11.11111111111111,3.888888888888889,3.4444444444444446,2.6666666666666665,0.0,
10,1,10,-13.545000000000002,0.0,10.3,3.6,3.2,2.5,0.0,
11,1,11,-13.981818181818182,0.0,10.909090909090908,3.909090909090909,3.4545454545454546,2.5454545454545454,0.0,
12,1,12,-13.679166666666667,0.0,10.166666666666666,3.5833333333333335,3.1666666666666665,2.3333333333333335,0.0,
13,1,13,-13.434615384615386,0.0,9.615384615384615,3.3076923076923075,2.923076923076923,2.1538461538461537,0.0,
14,1,14,-13.435714285714287,0.0,9.571428571428571,3.2142857142857144,2.857142857142857,2.142857142857143,0.0,
15,1,15,-13.666666666666668,0.0,10.0,3.3333333333333335,3.0,2.2,0.0,
16,1,16,-14.08125,0.0,10.625,3.75,3.3125,2.4375,0.0,
17,1,17,-14.097058823529414,0.0,10.764705882352942,3.6470588235294117,3.235294117647059,2.411764705882353,0.0,
18,1,18,-13.916666666666668,0.0,10.277777777777779,3.5,3.111111111111111,2.3333333333333335,0.0,
19,1,19,-14.031578947368422,0.0,10.526315789473685,3.526315789473684,3.1578947368421053,2.3157894736842106,0.0,
20,1,20,-14.135000000000002,0.0,10.8,3.55,3.2,2.3,0.0,
21,1,21,-14.164285714285716,0.0,10.761904761904763,3.5714285714285716,3.238095238095238,2.2857142857142856,0.0,
22,1,22,-13.977272727272727,0.0,10.318181818181818,3.409090909090909,3.090909090909091,2.1818181818181817,0.0,
23,1,23,-13.906521739130437,0.0,10.173913043478262,3.3043478260869565,3.0,2.130434782608696,0.0,
24,1,24,-14.183333333333335,0.0,10.416666666666666,3.6666666666666665,3.125,2.25,0.08333333333333333,
25,1,25,-14.042,0.0,10.12,3.52,3.0,2.16,0.08,
26,1,26,-14.3,0.0,10.5,3.769230769230769,3.1153846153846154,2.269230769230769,0.11538461538461539,
27,1,27,-14.183333333333335,0.0,10.222222222222221,3.6666666666666665,3.037037037037037,2.2222222222222223,0.1111111111111111,
28,1,28,-14.196428571428573,0.0,10.285714285714286,3.642857142857143,3.0357142857142856,2.25,0.14285714285714285,
29,1,29,-14.136206896551725,0.0,10.068965517241379,3.6206896551724137,3.0,2.2758620689655173,0.13793103448275862,
30,1,30,-14.20166666666667,0.0,10.233333333333333,3.6333333333333333,3.0,2.3,0.13333333333333333,
31,1,31,-14.329032258064517,0.0,10.32258064516129,3.806451612903226,3.161290322580645,2.3548387096774195,0.22580645161290322,
32,1,32,-14.406250000000002,0.0,10.59375,3.78125,3.15625,2.34375,0.21875,
33,1,33,-14.283333333333333,0.0,10.333333333333334,3.6666666666666665,3.0606060606060606,2.272727272727273,0.21212121212121213,
34,1,34,-14.158823529411766,0.0,10.058823529411764,3.5588235294117645,2.9705882352941178,2.2058823529411766,0.20588235294117646,
35,1,35,-14.104285714285716,0.0,9.914285714285715,3.5142857142857142,2.942857142857143,2.2,0.2,
36,1,36,-14.138888888888891,0.0,10.0,3.5277777777777777,2.9722222222222223,2.2222222222222223,0.19444444444444445,
37,1,37,-14.145945945945948,0.0,10.054054054054054,3.5135135135135136,2.972972972972973,2.2162162162162162,0.1891891891891892,
38,1,38,-14.201315789473687,0.0,10.18421052631579,3.526315789473684,3.0,2.236842105263158,0.18421052631578946,
39,1,39,-14.14871794871795,0.0,10.0,3.5128205128205128,2.9743589743589745,2.2564102564102564,0.1794871794871795,
40,1,40,-14.180000000000001,0.0,10.025,3.55,2.975,2.325,0.175,
41,1,41,-14.169512195121952,0.0,10.024390243902438,3.5121951219512195,2.951219512195122,2.317073170731707,0.17073170731707318,
42,1,42,-14.25357142857143,0.0,10.5,3.857142857142857,3.2142857142857144,2.4047619047619047,0.16666666666666666,
43,1,43,-14.284883720930232,0.0,10.511627906976743,3.9069767441860463,3.2325581395348837,2.4651162790697674,0.18604651162790697,
44,1,44,-14.344318181818183,0.0,10.545454545454545,4.0,3.2954545454545454,2.5454545454545454,0.18181818181818182,
45,1,45,-14.273333333333335,0.0,10.377777777777778,3.933333333333333,3.2444444444444445,2.511111111111111,0.17777777777777778,
46,1,46,-14.268478260869566,0.0,10.41304347826087,3.891304347826087,3.217391304347826,2.5,0.17391304347826086,
47,1,47,-14.30531914893617,0.0,10.46808510638298,3.9148936170212765,3.234042553191489,2.5319148936170213,0.1702127659574468,
48,1,48,-14.403125000000001,0.0,10.520833333333334,4.0625,3.3541666666666665,2.6041666666666665,0.16666666666666666,
49,1,49,-14.571428571428571,0.0,10.795918367346939,4.224489795918367,3.510204081632653,2.673469387755102,0.16326530612244897,
50,1,50,-14.503000000000002,0.0,10.64,4.16,3.46,2.64,0.16,
51,1,51,-14.529411764705882,0.0,10.666666666666666,4.176470588235294,3.4901960784313726,2.6666666666666665,0.1568627450980392,
52,1,52,-14.504807692307692,0.0,10.557692307692308,4.173076923076923,3.4615384615384617,2.6923076923076925,0.19230769230769232,
53,1,53,-14.426415094339623,0.0,10.39622641509434,4.09433962264151,3.3962264150943398,2.641509433962264,0.18867924528301888,
54,1,54,-14.345370370370372,0.0,10.222222222222221,4.018518518518518,3.3333333333333335,2.5925925925925926,0.18518518518518517,
55,1,55,-14.30909090909091,0.0,10.581818181818182,4.072727272727272,3.4,2.618181818181818,0.18181818181818182,
56,1,56,-14.27232142857143,0.0,10.482142857142858,4.035714285714286,3.375,2.607142857142857,0.17857142857142858,
57,1,57,-14.310526315789474,0.0,10.56140350877193,4.052631578947368,3.3859649122807016,2.6140350877192984,0.17543859649122806,
58,1,58,-14.237068965517244,0.0,10.39655172413793,3.9827586206896552,3.3275862068965516,2.5689655172413794,0.1724137931034483,
59,1,59,-14.17627118644068,0.0,10.271186440677965,3.9152542372881354,3.2711864406779663,2.5254237288135593,0.1694915254237288,
60,1,60,-14.215000000000002,0.0,10.316666666666666,3.95,3.316666666666667,2.5166666666666666,0.16666666666666666,
61,1,61,-14.286065573770493,0.0,10.639344262295081,4.213114754098361,3.4918032786885247,2.5737704918032787,0.16393442622950818,
62,1,62,-14.338709677419356,0.0,10.741935483870968,4.241935483870968,3.5,2.596774193548387,0.16129032258064516,
63,1,63,-14.35793650793651,0.0,10.761904761904763,4.253968253968254,3.507936507936508,2.6031746031746033,0.15873015873015872,
64,1,64,-14.359375000000002,0.0,10.734375,4.25,3.515625,2.609375,0.15625,
65,1,65,-14.350000000000001,0.0,10.646153846153846,4.2615384615384615,3.5076923076923077,2.646153846153846,0.15384615384615385,
66,1,66,-14.284848484848485,0.0,10.5,4.196969696969697,3.4545454545454546,2.606060606060606,0.15151515151515152,
67,1,67,-14.279104477611941,0.0,10.507462686567164,4.164179104477612,3.4328358208955225,2.5970149253731343,0.14925373134328357,
68,1,68,-14.251470588235295,0.0,10.441176470588236,4.132352941176471,3.411764705882353,2.588235294117647,0.14705882352941177,
69,1,69,-14.206521739130437,0.0,10.333333333333334,4.086956521739131,3.3768115942028984,2.5652173913043477,0.14492753623188406,
70,1,70,-14.162857142857144,0.0,10.228571428571428,4.042857142857143,3.342857142857143,2.5428571428571427,0.14285714285714285,
71,1,71,-14.10492957746479,0.0,10.098591549295774,3.9859154929577465,3.295774647887324,2.507042253521127,0.14084507042253522,
72,1,72,-14.097222222222223,0.0,10.125,3.9444444444444446,3.263888888888889,2.486111111111111,0.1388888888888889,
73,1,73,-14.041780821917811,0.0,10.0,3.8904109589041096,3.219178082191781,2.452054794520548,0.136986301369863,
74,1,74,-13.995945945945946,0.0,9.905405405405405,3.8378378378378377,3.175675675675676,2.418918918918919,0.13513513513513514,
75,1,75,-13.951333333333336,0.0,9.813333333333333,3.7866666666666666,3.1333333333333333,2.3866666666666667,0.13333333333333333,
76,1,76,-13.903947368421052,0.0,9.710526315789474,3.736842105263158,3.0921052631578947,2.3552631578947367,0.13157894736842105,
77,1,77,-13.863636363636363,0.0,9.636363636363637,3.688311688311688,3.051948051948052,2.324675324675325,0.12987012987012986,
78,1,78,-13.930128205128208,0.0,9.782051282051283,3.717948717948718,3.08974358974359,2.3205128205128207,0.1282051282051282,
79,1,79,-13.970253164556963,0.0,10.037974683544304,3.8987341772151898,3.2278481012658227,2.367088607594937,0.12658227848101267,
80,1,80,-13.945000000000002,0.0,10.2875,3.95,3.2875,2.375,0.125,
81,1,81,-14.03456790123457,0.0,10.37037037037037,4.061728395061729,3.3703703703703702,2.419753086419753,0.12345679012345678,
82,1,82,-14.048780487804878,0.0,10.390243902439025,4.060975609756097,3.3780487804878048,2.426829268292683,0.12195121951219512,
83,1,83,-14.030722891566267,0.0,10.337349397590362,4.036144578313253,3.3493975903614457,2.4216867469879517,0.12048192771084337,
84,1,84,-14.027976190476192,0.0,10.321428571428571,4.023809523809524,3.3452380952380953,2.4166666666666665,0.11904761904761904,
85,1,85,-13.986470588235296,0.0,10.235294117647058,3.976470588235294,3.3058823529411763,2.388235294117647,0.11764705882352941,
86,1,86,-14.002325581395349,0.0,10.19767441860465,4.011627906976744,3.3372093023255816,2.4302325581395348,0.11627906976744186,
87,1,87,-14.00402298850575,0.0,10.172413793103448,4.011494252873563,3.3333333333333335,2.4482758620689653,0.11494252873563218,
88,1,88,-14.054545454545456,0.0,10.284090909090908,4.034090909090909,3.3636363636363638,2.465909090909091,0.11363636363636363,
89,1,89,-14.024157303370787,0.0,10.191011235955056,4.01123595505618,3.337078651685393,2.460674157303371,0.11235955056179775,
90,1,90,-14.014444444444447,0.0,10.166666666666666,3.988888888888889,3.3222222222222224,2.4555555555555557,0.1111111111111111,
91,1,91,-14.032417582417583,0.0,10.208791208791208,3.989010989010989,3.32967032967033,2.4505494505494507,0.10989010989010989,
92,1,92,-14.099456521739132,0.0,10.282608695652174,4.065217391304348,3.391304347826087,2.489130434782609,0.10869565217391304,
93,1,93,-14.064516129032258,0.0,10.193548387096774,4.032258064516129,3.3655913978494625,2.4731182795698925,0.10752688172043011,
94,1,94,-14.081914893617022,0.0,10.212765957446809,4.042553191489362,3.382978723404255,2.4680851063829787,0.10638297872340426,
95,1,95,-14.11684210526316,0.0,10.421052631578947,4.189473684210526,3.4947368421052634,2.5052631578947366,0.10526315789473684,
96,1,96,-14.150520833333333,0.0,10.5,4.197916666666667,3.5,2.5104166666666665,0.10416666666666667,0.8825406233469645
97,1,97,-14.148969072164949,0.0,10.536082474226804,4.164948453608248,3.4742268041237114,2.4948453608247423,0.10309278350515463,0.7893209091964222
98,1,98,-14.165816326530612,0.0,10.571428571428571,4.163265306122449,3.479591836734694,2.5,0.10204081632653061,0.6616861051510251
99,1,99,-14.223232323232324,0.0,10.636363636363637,4.222222222222222,3.525252525252525,2.5353535353535355,0.10101010101010101,0.5329702864466261
100,1,100,-14.259,0.0,10.67,4.26,3.55,2.57,0.1,0.4398097861078189
101,2,100,-14.265500000000001,0.0,10.68,4.27,3.56,2.58,0.1,0.3778042346873885
102,3,100,-14.262,0.0,10.74,4.23,3.53,2.56,0.1,0.3300561553877065
103,4,100,-14.231000000000002,0.0,10.67,4.21,3.51,2.54,0.1,0.2936953064239309
104,5,100,-14.246000000000002,0.0,10.73,4.21,3.51,2.54,0.1,0.26553996961493964
105,6,100,-14.158500000000002,0.0,10.55,4.14,3.45,2.49,0.1,0.24275068012437934
106,7,100,-14.178000000000003,0.0,10.8,4.23,3.53,2.52,0.1,0.2242273136188741
107,8,100,-14.134500000000001,0.0,10.7,4.2,3.5,2.49,0.1,0.20845564976385658
108,9,100,-14.144,0.0,10.71,4.21,3.51,2.49,0.1,0.195397319137167
109,10,100,-14.126000000000001,0.0,10.48,4.12,3.43,2.46,0.1,0.1845165940876833
110,11,100,-14.1275,0.0,10.48,4.12,3.43,2.46,0.1,0.17492883735951079
111,12,100,-14.135500000000002,0.0,10.51,4.13,3.43,2.49,0.1,0.16648510045773623
112,13,100,-14.242,0.0,10.67,4.25,3.53,2.54,0.1,0.15882188161811372
113,14,100,-14.298000000000002,0.0,10.8,4.29,3.56,2.57,0.1,0.15193610098940805
114,15,100,-14.328500000000002,0.0,10.84,4.33,3.59,2.6,0.11,0.1458435786331048
115,16,100,-14.395500000000002,0.0,10.94,4.41,3.65,2.63,0.11,0.14002995903542392
116,17,100,-14.391000000000002,0.0,10.98,4.38,3.62,2.63,0.12,0.13463518774847194
117,18,100,-14.428500000000001,0.0,11.02,4.44,3.67,2.66,0.12,0.1296032998256234
118,19,100,-14.491000000000001,0.0,11.16,4.49,3.71,2.69,0.12,0.12497057820138006
119,20,100,-14.4395,0.0,11.05,4.45,3.67,2.67,0.12,0.12074941297521748
120,21,100,-14.418000000000001,0.0,10.98,4.44,3.66,2.68,0.12,0.11681285006282596
121,22,100,-14.371000000000002,0.0,10.89,4.4,3.62,2.66,0.12,0.11305774960836795
122,23,100,-14.483500000000001,0.0,11.07,4.52,3.72,2.72,0.12,0.10960267650704418
123,24,100,-14.468000000000002,0.0,11.04,4.51,3.71,2.71,0.12,0.1063717747880412
124,25,100,-14.363000000000001,0.0,10.89,4.39,3.65,2.66,0.1,0.10363559840840514
125,26,100,-14.425,0.0,10.98,4.46,3.72,2.7,0.1,0.1009721645523939
126,27,100,-14.404000000000002,0.0,11.04,4.4,3.7,2.67,0.09,0.09840562839345057
127,28,100,-14.399000000000001,0.0,11.04,4.39,3.69,2.66,0.09,0.09594016295007539
128,29,100,-14.4875,0.0,11.19,4.48,3.75,2.69,0.08,0.09361792555481568
129,30,100,-14.4975,0.0,11.24,4.47,3.75,2.67,0.08,0.09145325096891471
130,31,100,-14.505500000000001,0.0,11.39,4.6,3.83,2.7,0.08,0.08936394194603507
131,32,100,-14.470000000000002,0.0,11.36,4.55,3.79,2.69,0.05,0.08739768226770175
132,33,100,-14.458000000000002,0.0,11.27,4.58,3.8,2.73,0.05,0.08556835718789725
133,34,100,-14.513000000000002,0.0,11.38,4.63,3.83,2.77,0.06,0.08385080304083418
134,35,100,-14.516000000000002,0.0,11.39,4.63,3.83,2.77,0.06,0.0821817355525451
135,36,100,-14.5615,0.0,11.48,4.67,3.87,2.78,0.06,0.08057968194545709
136,37,100,-14.532500000000002,0.0,11.39,4.66,3.85,2.77,0.06,0.07907327564451841
137,38,100,-14.495000000000003,0.0,11.3,4.63,3.82,2.75,0.06,0.07772859984273088
138,39,100,-14.491000000000001,0.0,11.28,4.64,3.83,2.76,0.06,0.07645411085405139
139,40,100,-14.492,0.0,11.3,4.63,3.82,2.75,0.06,0.07519142820650702
140,41,100,-14.462,0.0,11.27,4.6,3.81,2.72,0.06,0.07389532904453733
141,42,100,-14.494000000000002,0.0,11.31,4.64,3.84,2.75,0.06,0.07265272366741699
142,43,100,-14.439,0.0,11.08,4.47,3.71,2.7,0.06,0.07145914639600769
143,44,100,-14.4715,0.0,11.16,4.49,3.75,2.69,0.05,0.07033726684004676
144,45,100,-14.412,0.0,11.08,4.41,3.69,2.63,0.05,0.06941713999455668
145,46,100,-14.425000000000002,0.0,11.09,4.43,3.71,2.65,0.05,0.068386438269472
146,47,100,-14.462500000000002,0.0,11.19,4.46,3.74,2.66,0.05,0.06739150876667319
147,48,100,-14.403000000000002,0.0,11.07,4.41,3.7,2.62,0.05,0.06646485316508419
148,49,100,-14.3815,0.0,11.06,4.37,3.66,2.6,0.05,0.06551950596631222
149,50,100,-14.322000000000001,0.0,11.01,4.29,3.58,2.57,0.05,0.06458558872334293
150,51,100,-14.314,0.0,11.01,4.28,3.57,2.56,0.05,0.06371798642920276
151,52,100,-14.306000000000001,0.0,11.19,4.36,3.62,2.58,0.06,0.06286662193273773
152,53,100,-14.328000000000001,0.0,11.29,4.35,3.63,2.56,0.04,0.06205541754820283
153,54,100,-14.328000000000001,0.0,11.29,4.35,3.63,2.56,0.04,0.061264313419501525
154,55,100,-14.398000000000001,0.0,11.39,4.43,3.7,2.61,0.04,0.060481408453820766
155,56,100,-14.431000000000001,0.0,11.24,4.4,3.66,2.6,0.04,0.059707031115160694
156,57,100,-14.472500000000002,0.0,11.3,4.45,3.68,2.64,0.04,0.058960334450377745
157,58,100,-14.408500000000002,0.0,11.16,4.4,3.64,2.61,0.04,0.05819885280164014
158,59,100,-14.442500000000003,0.0,11.24,4.42,3.66,2.63,0.04,0.057506981719638146
159,60,100,-14.510000000000002,0.0,11.37,4.48,3.72,2.67,0.04,0.05684324932456907
160,61,100,-14.472500000000002,0.0,11.29,4.45,3.69,2.68,0.04,0.056188479030911335
161,62,100,-14.483000000000002,0.0,11.27,4.3,3.6,2.65,0.04,0.055542685901178904
162,63,100,-14.419,0.0,11.13,4.25,3.57,2.62,0.04,0.05488894826134585
163,64,100,-14.470000000000002,0.0,11.22,4.31,3.63,2.64,0.04,0.05428379697981865
164,65,100,-14.467,0.0,11.21,4.31,3.62,2.65,0.04,0.05375089199501454
165,66,100,-14.430000000000001,0.0,11.17,4.26,3.59,2.6,0.04,0.053242232890698786
166,67,100,-14.447500000000002,0.0,11.2,4.28,3.6,2.62,0.04,0.05270497878085271
167,68,100,-14.4795,0.0,11.27,4.32,3.64,2.64,0.04,0.05217249611428803
168,69,100,-14.535000000000002,0.0,11.43,4.35,3.67,2.64,0.04,0.05165058485651879
169,70,100,-14.5595,0.0,11.7,4.45,3.74,2.69,0.05,0.05114589825413791
170,71,100,-14.625000000000002,0.0,11.85,4.5,3.78,2.73,0.05,0.050636378283219145
171,72,100,-14.631000000000002,0.0,11.88,4.5,3.78,2.73,0.05,0.05014477654437839
172,73,100,-14.707,0.0,11.97,4.61,3.85,2.77,0.05,0.04965146273160872
173,74,100,-14.7245,0.0,12.0,4.63,3.87,2.79,0.05,0.049171369291690685
174,75,100,-14.877500000000003,0.0,12.23,4.81,4.02,2.85,0.06,0.048702847307873734
175,76,100,-14.8795,0.0,12.22,4.82,4.03,2.86,0.06,0.048257106584329586
176,77,100,-14.892000000000001,0.0,12.25,4.83,4.04,2.87,0.06,0.04782753860630413
177,78,100,-14.906500000000001,0.0,12.26,4.85,4.06,2.88,0.06,0.04739000562834708
178,79,100,-14.835500000000001,0.0,12.09,4.81,4.02,2.88,0.06,0.046983509322085705
179,80,100,-14.783500000000002,0.0,11.85,4.64,3.89,2.83,0.06,0.04657804033858298
180,81,100,-14.794,0.0,11.63,4.58,3.83,2.82,0.06,0.04617222746024058
181,82,100,-14.842500000000003,0.0,11.73,4.62,3.86,2.82,0.06,0.04580099944722253
182,83,100,-14.818000000000001,0.0,11.66,4.61,3.84,2.82,0.06,0.045467617989224426
183,84,100,-14.907,0.0,11.81,4.71,3.89,2.86,0.09,0.045106032820823455
184,85,100,-14.8815,0.0,11.77,4.68,3.86,2.84,0.09,0.044744958588228405
185,86,100,-14.907,0.0,11.8,4.71,3.89,2.87,0.09,0.044393319367433855
186,87,100,-14.857000000000001,0.0,11.75,4.64,3.83,2.81,0.09,0.04403765416683922
187,88,100,-14.875000000000002,0.0,11.82,4.64,3.84,2.79,0.09,0.043691847256650686
188,89,100,-14.848000000000003,0.0,11.92,4.73,3.89,2.8,0.09,0.04334216443094354
189,90,100,-14.835000000000003,0.0,11.91,4.71,3.88,2.78,0.09,0.04298355311842515
190,91,100,-14.818000000000001,0.0,11.87,4.7,3.87,2.77,0.09,0.04267109159109231
191,92,100,-14.855500000000001,0.0,12.03,4.88,3.99,2.81,0.1,0.042350870481203305
192,93,100,-14.774000000000001,0.0,11.92,4.78,3.91,2.76,0.1,0.0420339790724013
193,94,100,-14.766000000000002,0.0,11.91,4.77,3.9,2.75,0.1,0.041688374764839706
194,95,100,-14.771500000000001,0.0,11.89,4.79,3.89,2.78,0.1,0.04137835502286099
195,96,100,-14.725000000000001,0.0,11.65,4.64,3.78,2.75,0.1,0.041085523156513766
196,97,100,-14.658000000000001,0.0,11.51,4.59,3.74,2.72,0.1,0.032384950809555745
197,98,100,-14.6795,0.0,11.51,4.63,3.77,2.74,0.1,0.025544468840227413
198,99,100,-14.671000000000001,0.0,11.67,4.73,3.84,2.77,0.1,0.021620354108554795
199,100,100,-14.665500000000002,0.0,11.7,4.71,3.84,2.73,0.1,0.020277832667413103
200,101,100,-14.657500000000002,0.0,11.75,4.67,3.82,2.69,0.1,0.01974423434490776
201,102,100,-14.781,0.0,12.01,4.77,3.9,2.73,0.1,0.01919206851345786
202,103,100,-14.758500000000002,0.0,11.93,4.77,3.91,2.74,0.1,0.018866477518550317
203,104,100,-14.872500000000002,0.0,12.18,4.86,4.0,2.8,0.1,0.01859983008225246
204,105,100,-14.860500000000002,0.0,12.13,4.86,4.0,2.8,0.1,0.018292184361689695
205,106,100,-14.970000000000002,0.0,12.36,4.95,4.08,2.85,0.1,0.018027266039898328
206,107,100,-15.004500000000002,0.0,12.25,4.89,4.03,2.83,0.1,0.017751936101821627
207,108,100,-15.090000000000002,0.0,12.45,4.95,4.06,2.87,0.11,0.01754293818520243
208,109,100,-15.066,0.0,12.37,4.95,4.05,2.88,0.11,0.017286510085259502
209,110,100,-15.042500000000002,0.0,12.31,4.93,4.03,2.86,0.11,0.016987073365171378
210,111,100,-15.095000000000002,0.0,12.4,4.99,4.06,2.9,0.11,0.01669843236407352
211,112,100,-15.045500000000002,0.0,12.27,4.96,4.03,2.89,0.11,0.016405864985498272
212,113,100,-14.944,0.0,12.11,4.85,3.94,2.85,0.11,0.016144890503175538
213,114,100,-14.972000000000003,0.0,12.12,4.9,3.99,2.88,0.11,0.015911689865812092
214,115,100,-14.941,0.0,12.29,4.94,4.04,2.88,0.1,0.01565744565570909
215,116,100,-14.832000000000003,0.0,12.1,4.83,3.95,2.83,0.1,0.015465322393415535
216,117,100,-14.754000000000001,0.0,11.93,4.77,3.91,2.78,0.09,0.015308119132428959
217,118,100,-14.7635,0.0,11.94,4.78,3.92,2.78,0.09,0.015188035506531875
218,119,100,-14.694500000000003,0.0,11.8,4.72,3.87,2.74,0.09,0.015045313930264951
219,120,100,-14.713000000000001,0.0,11.85,4.73,3.88,2.75,0.09,0.014925308158643718
220,121,100,-14.745000000000003,0.0,11.9,4.77,3.9,2.77,0.09,0.014821144091290966
221,122,100,-14.782000000000004,0.0,12.0,4.79,3.92,2.78,0.09,0.014763698266636703
222,123,100,-14.695500000000003,0.0,11.84,4.71,3.84,2.76,0.09,0.014684332112158131
223,124,100,-14.689500000000002,0.0,11.82,4.71,3.84,2.76,0.09,0.014599036671063347
224,125,100,-14.692500000000003,0.0,11.83,4.71,3.84,2.76,0.09,0.01442050845718984
225,126,100,-14.712500000000002,0.0,11.85,4.75,3.84,2.77,0.1,0.01431327025773888
226,127,100,-14.754500000000002,0.0,11.87,4.81,3.89,2.81,0.1,0.014215876117552373
227,128,100,-14.813000000000002,0.0,11.97,4.87,3.95,2.84,0.1,0.014122338296094055
228,129,100,-14.696000000000002,0.0,11.77,4.75,3.86,2.78,0.1,0.014043071138448287
229,130,100,-14.700000000000003,0.0,11.76,4.77,3.87,2.81,0.1,0.01395866676402723
230,131,100,-14.741000000000001,0.0,11.76,4.84,3.93,2.81,0.1,0.013891843625792715
231,132,100,-14.708000000000002,0.0,11.7,4.81,3.9,2.79,0.1,0.013802886190341266
232,133,100,-14.652500000000002,0.0,11.61,4.75,3.86,2.73,0.1,0.013732088711561117
233,134,100,-14.685000000000002,0.0,11.64,4.8,3.91,2.75,0.09,0.013659850994524134
234,135,100,-14.731000000000002,0.0,11.72,4.85,3.95,2.79,0.09,0.013608589196976795
235,136,100,-14.747500000000002,0.0,11.74,4.88,3.97,2.82,0.09,0.013555503790848878
236,137,100,-14.723500000000001,0.0,11.71,4.85,3.95,2.8,0.09,0.013509125582058903
237,138,100,-14.7415,0.0,11.98,4.94,4.04,2.84,0.09,0.013390456893908158
238,139,100,-14.817500000000003,0.0,12.11,5.02,4.11,2.85,0.1,0.013268788303102306
239,140,100,-14.928500000000001,0.0,12.25,5.17,4.21,2.89,0.1,0.013160771610755266
240,141,100,-14.905000000000003,0.0,12.18,5.15,4.19,2.87,0.1,0.013111599988378377
241,142,100,-14.896,0.0,12.22,5.12,4.17,2.83,0.1,0.013045429520708494
242,143,100,-14.966000000000001,0.0,12.37,5.17,4.22,2.85,0.1,0.01298656936473699
243,144,100,-15.011000000000001,0.0,12.47,5.2,4.24,2.86,0.1,0.012917200754296159
244,145,100,-15.0365,0.0,12.51,5.23,4.27,2.89,0.1,0.012760301643998486
245,146,100,-15.066500000000001,0.0,12.57,5.26,4.29,2.92,0.1,0.012679029878244858
246,147,100,-15.111,0.0,12.59,5.34,4.35,2.95,0.1,0.012598997866175797
247,148,100,-15.197500000000002,0.0,12.76,5.42,4.42,3.01,0.1,0.012498040456386632
248,149,100,-15.236,0.0,12.87,5.44,4.46,3.01,0.1,0.012426669640697106
249,150,100,-15.290000000000003,0.0,12.94,5.5,4.53,3.02,0.1,0.012365073697004802
250,151,100,-15.298000000000002,0.0,12.94,5.51,4.54,3.03,0.1,0.012285632303589668
251,152,100,-15.282000000000004,0.0,12.73,5.4,4.46,2.98,0.09,0.012201287643864673
252,153,100,-15.268500000000001,0.0,12.68,5.4,4.46,2.98,0.09,0.01213429336703561
253,154,100,-15.309500000000003,0.0,12.77,5.44,4.49,3.02,0.09,0.012073197206193674
254,155,100,-15.300000000000002,0.0,12.82,5.4,4.46,3.01,0.09,0.012022252827329567
255,156,100,-15.247000000000003,0.0,12.69,5.36,4.43,2.98,0.09,0.011977686735558641
256,157,100,-15.215000000000002,0.0,12.65,5.32,4.41,2.95,0.09,0.011953671728695383
257,158,100,-15.219500000000004,0.0,12.67,5.32,4.41,2.95,0.09,0.011925238032949417
258,159,100,-15.237000000000002,0.0,12.7,5.34,4.43,2.95,0.09,0.011877788713817538
259,160,100,-15.274500000000003,0.0,12.79,5.37,4.43,2.96,0.09,0.011849629457142257
260,161,100,-15.272000000000002,0.0,12.82,5.35,4.41,2.94,0.09,0.011817510812111251
261,162,100,-15.198000000000002,0.0,12.62,5.31,4.37,2.92,0.09,0.011796852081382434
262,163,100,-15.187000000000003,0.0,12.6,5.3,4.36,2.91,0.09,0.011777377222964326
263,164,100,-15.134500000000003,0.0,12.5,5.24,4.31,2.9,0.09,0.01173544855867101
264,165,100,-15.106000000000002,0.0,12.46,5.21,4.29,2.87,0.09,0.011647048216169308
265,166,100,-15.107500000000002,0.0,12.47,5.21,4.29,2.87,0.09,0.011525572914020699
266,167,100,-15.111,0.0,12.52,5.19,4.28,2.85,0.09,0.011464531176941907
267,168,100,-15.113000000000001,0.0,12.5,5.2,4.27,2.87,0.09,0.011401762849235829
268,169,100,-15.063000000000002,0.0,12.58,5.25,4.31,2.91,0.09,0.011341426990750702
269,170,100,-15.098000000000003,0.0,12.45,5.2,4.27,2.9,0.08,0.011278096949305203
270,171,100,-15.024500000000003,0.0,12.29,5.14,4.22,2.85,0.08,0.011217034490299125
271,172,100,-15.053000000000003,0.0,12.33,5.17,4.25,2.88,0.08,0.011163384809377317
272,173,100,-14.982500000000002,0.0,12.22,5.08,4.2,2.86,0.08,0.011129719048957053
273,174,100,-14.985000000000003,0.0,12.25,5.07,4.19,2.85,0.08,0.01109923326219337
274,175,100,-14.861500000000001,0.0,12.09,4.91,4.06,2.8,0.07,0.01106453552984251
275,176,100,-14.844500000000004,0.0,12.37,4.93,4.08,2.82,0.08,0.011029568721098735
276,177,100,-14.875500000000002,0.0,12.45,4.95,4.1,2.84,0.08,0.01098589978888894
277,178,100,-14.891000000000002,0.0,12.49,4.96,4.11,2.85,0.08,0.010948360014750873
278,179,100,-14.9585,0.0,12.64,5.02,4.16,2.89,0.08,0.010894411073845572
279,180,100,-14.780000000000003,0.01,12.7,5.03,4.17,2.9,0.08,0.010831323768481062
280,181,100,-14.811000000000002,0.01,12.78,5.05,4.19,2.9,0.08,0.010782090448893989
281,182,100,-14.682000000000002,0.01,12.59,4.9,4.08,2.86,0.08,0.010715859286020304
282,183,100,-14.695500000000003,0.01,12.84,4.99,4.17,2.88,0.08,0.010846303128015355
283,184,100,-14.622000000000003,0.01,12.73,4.9,4.14,2.85,0.05,0.011094338139207518
284,185,100,-14.645000000000003,0.01,12.76,4.94,4.16,2.89,0.06,0.011432917931504033
285,186,100,-14.6415,0.01,12.77,4.93,4.15,2.88,0.06,0.011395028847390536
286,187,100,-14.672000000000002,0.01,12.81,4.97,4.18,2.92,0.06,0.011351908540784444
287,188,100,-14.651000000000002,0.01,12.73,4.97,4.18,2.93,0.06,0.011301762067212784
288,189,100,-14.648500000000002,0.01,12.58,4.86,4.11,2.91,0.06,0.011270848716885223
289,190,100,-14.648500000000002,0.01,12.58,4.86,4.11,2.91,0.06,0.011260829893216862
290,191,100,-14.666000000000002,0.01,12.61,4.88,4.13,2.92,0.06,0.011191029438891952
291,192,100,-14.640500000000001,0.01,12.49,4.7,4.01,2.89,0.05,0.011139936075378403
292,193,100,-14.633000000000003,0.01,12.47,4.7,4.01,2.89,0.05,0.011093606970183125
293,194,100,-14.664500000000002,0.01,12.53,4.73,4.04,2.91,0.05,0.011091979903079143
294,195,100,-14.627000000000002,0.01,12.51,4.67,4.01,2.87,0.05,0.011432236367397515
295,196,100,-14.627000000000002,0.01,12.51,4.67,4.01,2.87,0.05,0.011390287039051959
296,197,100,-14.630000000000003,0.01,12.51,4.67,4.01,2.87,0.05,0.01136395469419212
297,198,100,-14.649000000000001,0.01,12.6,4.66,4.01,2.86,0.05,0.01132251235277507
298,199,100,-14.644500000000003,0.01,12.39,4.57,3.94,2.85,0.05,0.011263794375105565
299,200,100,-14.605500000000001,0.01,12.3,4.54,3.91,2.87,0.05,0.011209190558291181
300,201,100,-14.631000000000002,0.01,12.34,4.57,3.94,2.89,0.05,0.011147570477844013
301,202,100,-14.518500000000001,0.01,12.1,4.48,3.86,2.86,0.05,0.01109184658936561
302,203,100,-14.479000000000001,0.01,12.03,4.44,3.82,2.82,0.05,0.011037653633061433
303,204,100,-14.397500000000003,0.01,12.07,4.46,3.84,2.81,0.05,0.011109587328594484
304,205,100,-14.453000000000001,0.01,12.22,4.49,3.86,2.83,0.05,0.01128051751186795
305,206,100,-14.387500000000003,0.01,12.07,4.44,3.81,2.8,0.05,0.011245036004251559
306,207,100,-14.360500000000002,0.01,11.98,4.44,3.81,2.81,0.05,0.011211596231190194
307,208,100,-14.279000000000002,0.01,11.83,4.37,3.77,2.76,0.04,0.011516499226539632
308,209,100,-14.263000000000002,0.01,11.81,4.35,3.76,2.74,0.04,0.011459677393795846
309,210,100,-14.281,0.01,11.88,4.35,3.76,2.74,0.04,0.011419030540637596
310,211,100,-14.017500000000002,0.02,11.77,4.28,3.72,2.69,0.04,0.01137504584405812
311,212,100,-13.976,0.02,11.71,4.23,3.69,2.64,0.04,0.011345808802542157
312,213,100,-13.985500000000002,0.02,11.73,4.24,3.7,2.65,0.04,0.011324532517135954
313,214,100,-13.988500000000002,0.02,11.68,4.27,3.7,2.65,0.05,0.011290631243680412
314,215,100,-13.955000000000002,0.02,11.39,4.17,3.6,2.6,0.05,0.011232420637614522
315,216,100,-13.928500000000001,0.02,11.33,4.15,3.58,2.59,0.05,0.011201942401215994
316,217,100,-13.929500000000003,0.02,11.29,4.17,3.59,2.61,0.05,0.011147023409836379
317,218,100,-13.841000000000001,0.02,11.13,4.08,3.51,2.56,0.05,0.011088770830717735
318,219,100,-13.8565,0.02,11.16,4.09,3.52,2.57,0.05,0.011084982311532699
319,220,100,-13.892500000000002,0.02,11.37,4.24,3.63,2.62,0.05,0.011361545201829294
320,221,100,-13.869500000000002,0.02,11.37,4.2,3.61,2.59,0.05,0.01153628280277157
321,222,100,-13.8465,0.02,11.31,4.19,3.6,2.59,0.05,0.011482962116015358
322,223,100,-13.831000000000001,0.02,11.33,4.15,3.58,2.55,0.05,0.01144120128860067
323,224,100,-13.8815,0.02,11.61,4.29,3.69,2.61,0.05,0.011625657241362983
324,225,100,-13.941,0.02,11.89,4.46,3.82,2.67,0.05,0.011725232313424254
325,226,100,-13.941,0.02,11.94,4.43,3.82,2.68,0.04,0.011675786749304395
326,227,100,-13.829,0.02,11.69,4.35,3.74,2.64,0.04,0.011618355343428564
327,228,100,-13.781500000000001,0.02,11.61,4.3,3.69,2.62,0.04,0.011581458399095981
328,229,100,-13.843000000000002,0.02,11.77,4.33,3.72,2.64,0.04,0.011670819204387966
329,230,100,-13.884,0.02,11.91,4.34,3.74,2.63,0.04,0.011628817528340744
330,231,100,-13.830500000000002,0.02,11.76,4.14,3.61,2.59,0.04,0.011587450707185792
331,232,100,-13.818000000000001,0.02,11.73,4.13,3.6,2.58,0.04,0.011532292610820161
332,233,100,-13.891000000000002,0.02,11.85,4.21,3.67,2.64,0.04,0.011468365411415186
333,234,100,-13.836000000000002,0.02,11.8,4.13,3.61,2.59,0.04,0.011406502481082497
334,235,100,-13.802500000000002,0.02,11.76,4.09,3.58,2.56,0.04,0.011337817974542
335,236,100,-13.7185,0.02,11.61,4.0,3.5,2.5,0.04,0.011273687939662219
336,237,100,-13.720000000000002,0.02,11.62,4.0,3.5,2.5,0.04,0.011202850650567293
337,238,100,-13.838500000000002,0.02,11.58,4.06,3.53,2.52,0.04,0.011287457539820536
338,239,100,-13.706000000000001,0.02,11.34,3.93,3.41,2.47,0.03,0.01122902072501748
339,240,100,-13.587,0.02,11.19,3.77,3.31,2.42,0.03,0.011211576861354735
340,241,100,-13.611,0.02,11.48,3.86,3.39,2.46,0.03,0.011263116708438745
341,242,100,-13.599,0.02,11.44,3.86,3.39,2.47,0.03,0.01145464443863274
342,243,100,-13.521500000000001,0.02,11.26,3.81,3.34,2.45,0.03,0.011431731077050682
343,244,100,-13.390000000000002,0.02,10.99,3.7,3.24,2.4,0.03,0.012909838775986827
344,245,100,-13.363500000000002,0.02,10.93,3.68,3.22,2.38,0.03,0.012908990026217905
345,246,100,-13.336000000000002,0.02,10.91,3.64,3.19,2.34,0.03,0.012908237133057807
346,247,100,-13.2245,0.02,10.72,3.51,3.08,2.28,0.03,0.013518852823024946
347,248,100,-13.150000000000002,0.02,10.59,3.43,3.01,2.22,0.03,0.013513611586685934
348,249,100,-13.059000000000001,0.02,10.41,3.35,2.93,2.19,0.03,0.01352789566346245
349,250,100,-12.940000000000003,0.02,10.17,3.25,2.83,2.15,0.03,0.013505102208986177
350,251,100,-12.957,0.02,10.23,3.26,2.84,2.16,0.03,0.013830317253417566
351,252,100,-13.021500000000001,0.02,10.36,3.32,2.9,2.18,0.03,0.013980733973996145
352,253,100,-13.096000000000002,0.02,10.43,3.43,2.97,2.22,0.03,0.013957984560972168
353,254,100,-13.1735,0.02,10.56,3.51,3.02,2.24,0.03,0.014058141314737108
354,255,100,-13.141000000000002,0.02,10.49,3.49,3.0,2.22,0.03,0.014029962298915122
355,256,100,-13.153500000000001,0.02,10.52,3.5,3.01,2.23,0.03,0.014011667062983249
356,257,100,-13.125000000000002,0.02,10.47,3.47,2.99,2.2,0.03,0.013972843773186538
357,258,100,-13.164000000000001,0.02,10.56,3.5,3.02,2.22,0.03,0.01395846210644117
358,259,100,-13.2315,0.02,10.72,3.56,3.07,2.25,0.03,0.014043492496013886
359,260,100,-13.148500000000002,0.02,10.54,3.49,3.03,2.22,0.03,0.013996291172957025
360,261,100,-13.1445,0.02,10.52,3.5,3.04,2.23,0.03,0.013958799210332933
361,262,100,-13.156500000000001,0.02,10.51,3.53,3.06,2.26,0.03,0.01391047371480461
362,263,100,-13.159500000000001,0.02,10.52,3.53,3.06,2.26,0.03,0.013891975981405338
363,264,100,-13.157,0.02,10.55,3.51,3.04,2.24,0.03,0.01385855939717145
364,265,100,-13.170000000000002,0.02,10.81,3.59,3.12,2.28,0.03,0.013937023444766687
365,266,100,-13.305500000000002,0.02,11.06,3.72,3.23,2.34,0.03,0.014170564373396088
366,267,100,-13.309000000000001,0.02,11.06,3.73,3.24,2.35,0.03,0.014153459285965146
367,268,100,-13.251000000000001,0.02,11.2,3.74,3.27,2.34,0.03,0.01414656988725093
368,269,100,-13.318000000000001,0.02,11.1,3.73,3.25,2.34,0.03,0.01428846403692255
369,270,100,-13.339500000000001,0.02,11.17,3.74,3.28,2.34,0.03,0.01426669853780587
370,271,100,-13.362500000000002,0.02,11.45,3.84,3.37,2.39,0.03,0.014363464413466996
371,272,100,-13.340000000000002,0.02,11.43,3.81,3.34,2.36,0.03,0.014370703619152127
372,273,100,-13.350000000000001,0.02,11.5,3.8,3.33,2.35,0.03,0.014876724171521291
373,274,100,-13.350500000000002,0.02,11.48,3.81,3.34,2.36,0.03,0.014869363540187362
374,275,100,-13.416500000000001,0.02,11.68,3.84,3.37,2.37,0.03,0.015174829570135606
375,276,100,-13.486500000000001,0.02,11.54,3.86,3.38,2.39,0.02,0.015147969205539246
376,277,100,-13.481000000000002,0.02,11.71,3.96,3.45,2.42,0.02,0.01532392327447852
377,278,100,-13.527500000000002,0.02,11.92,4.14,3.59,2.46,0.02,0.015300737962403187
378,279,100,-13.463000000000001,0.02,11.79,4.08,3.54,2.41,0.02,0.015271225230930406
379,280,100,-13.645000000000003,0.01,11.72,4.08,3.54,2.41,0.02,0.015268468154135502
380,281,100,-13.602,0.01,11.6,4.06,3.51,2.41,0.02,0.01524997419201058
381,282,100,-13.577,0.01,11.55,4.04,3.49,2.39,0.02,0.015223274006553957
382,283,100,-13.557500000000003,0.01,11.55,4.01,3.47,2.38,0.02,0.015295053196418131
383,284,100,-13.534500000000001,0.01,11.49,4.0,3.46,2.37,0.02,0.014987542444420078
384,285,100,-13.594000000000001,0.01,11.54,4.08,3.54,2.39,0.01,0.01459033545080769
385,286,100,-13.567500000000003,0.01,11.48,4.06,3.52,2.37,0.01,0.014569569312974649
386,287,100,-13.572000000000001,0.01,11.55,4.03,3.5,2.34,0.01,0.014552451553487175
387,288,100,-13.6145,0.01,11.7,4.04,3.51,2.34,0.01,0.014696830235344823
388,289,100,-13.589,0.01,11.66,4.01,3.48,2.32,0.01,0.014970133054473112
389,290,100,-13.608500000000001,0.01,11.95,4.1,3.57,2.37,0.02,0.01495821084029288
390,291,100,-13.684500000000003,0.01,12.09,4.18,3.61,2.41,0.02,0.014964026161916803
391,292,100,-13.633500000000002,0.01,11.97,4.15,3.58,2.39,0.02,0.014958771958152704
392,293,100,-13.633000000000003,0.01,12.0,4.14,3.57,2.38,0.02,0.015378921153526562
393,294,100,-13.601500000000001,0.01,11.94,4.11,3.54,2.36,0.02,0.015343992510381894
394,295,100,-13.602000000000002,0.01,11.92,4.12,3.55,2.36,0.02,0.014968811867213615
395,296,100,-13.586000000000002,0.01,11.89,4.1,3.53,2.34,0.02,0.014944418441269664
396,297,100,-13.662500000000001,0.01,12.07,4.16,3.58,2.38,0.02,0.014905571630074676
397,298,100,-13.590500000000002,0.01,11.86,4.13,3.55,2.37,0.02,0.014907133731355236
398,299,100,-13.546000000000001,0.01,11.78,4.08,3.51,2.32,0.02,0.014885259454848003
399,300,100,-13.528000000000002,0.01,11.79,4.05,3.48,2.3,0.02,0.014878624668306402
400,301,100,-13.252500000000003,0.02,11.68,3.98,3.41,2.26,0.02,0.014859508907171385
401,302,100,-13.271500000000001,0.02,11.72,4.0,3.43,2.28,0.02,0.014842926324818494
402,303,100,-13.3465,0.02,11.9,4.06,3.49,2.33,0.02,0.014997916246600464
403,304,100,-13.363500000000002,0.02,11.75,3.98,3.41,2.3,0.02,0.014857227499432878
404,305,100,-13.357000000000001,0.02,11.69,4.0,3.44,2.32,0.02,0.014641792613433202
405,306,100,-13.359000000000002,0.02,11.75,3.98,3.43,2.31,0.02,0.014616074208305099
406,307,100,-13.330000000000002,0.02,11.72,3.94,3.39,2.28,0.02,0.014586878130546918
407,308,100,-13.384500000000001,0.02,11.85,3.98,3.42,2.31,0.02,0.01419961047957706
408,309,100,-13.4345,0.02,11.96,4.02,3.46,2.35,0.02,0.01418567124809814
409,310,100,-13.432,0.02,11.93,4.03,3.47,2.36,0.02,0.014148900186500748
410,311,100,-13.632,0.01,11.93,4.03,3.47,2.36,0.02,0.014134236549816331
411,312,100,-13.645500000000002,0.01,11.98,4.03,3.47,2.36,0.02,0.014109326043101573
412,313,100,-13.758500000000002,0.01,12.22,4.13,3.56,2.4,0.02,0.014304456458312473
413,314,100,-13.714,0.01,12.2,4.05,3.51,2.38,0.01,0.01458218818348244
414,315,100,-13.775000000000002,0.01,12.34,4.1,3.54,2.42,0.01,0.014589464297714037
415,316,100,-13.795000000000002,0.01,12.41,4.11,3.55,2.43,0.01,0.01495327069595023
416,317,100,-13.836500000000001,0.01,12.68,4.25,3.66,2.45,0.01,0.015293390038813168
417,318,100,-13.835000000000003,0.01,12.67,4.25,3.66,2.45,0.01,0.01544107719363522
418,319,100,-13.838000000000001,0.01,12.7,4.25,3.66,2.45,0.01,0.015891680926474444
419,320,100,-13.794500000000003,0.01,12.47,4.1,3.55,2.4,0.01,0.015591628585777659
420,321,100,-13.769500000000003,0.01,12.42,4.08,3.53,2.39,0.01,0.015396519742002518
421,322,100,-13.755500000000001,0.01,12.38,4.07,3.52,2.38,0.01,0.015429671487798722
422,323,100,-13.778000000000002,0.01,12.63,4.19,3.6,2.44,0.01,0.015412239007834774
423,324,100,-13.7515,0.01,12.38,4.08,3.51,2.41,0.01,0.015170545406667322
424,325,100,-13.689,0.01,12.09,3.91,3.38,2.35,0.01,0.01508065977741945
425,326,100,-13.6315,0.01,12.01,3.84,3.32,2.3,0.01,0.015329827731006128
426,327,100,-13.615500000000003,0.01,11.99,3.82,3.31,2.28,0.01,0.01530619848472653
427,328,100,-13.685000000000002,0.01,12.12,3.89,3.37,2.32,0.01,0.015469478736162466
428,329,100,-13.611500000000001,0.01,11.92,3.86,3.34,2.3,0.01,0.015346635216580416
429,330,100,-13.611500000000001,0.01,11.94,3.86,3.34,2.3,0.01,0.01559731903168251
430,331,100,-13.614,0.01,11.93,3.88,3.34,2.33,0.01,0.0155832889033864
431,332,100,-13.668500000000002,0.01,12.08,3.92,3.37,2.37,0.01,0.015608161205405901
432,333,100,-13.667000000000003,0.01,12.14,3.89,3.34,2.35,0.01,0.01591597295592915
433,334,100,-13.709500000000002,0.01,12.24,3.93,3.37,2.4,0.01,0.016057350861353174
434,335,100,-13.697000000000003,0.01,12.2,3.92,3.36,2.39,0.01,0.01607740197406212
435,336,100,-13.735000000000003,0.01,12.32,3.93,3.37,2.4,0.01,0.016079421623720183
436,337,100,-13.7985,0.01,12.49,3.97,3.4,2.43,0.01,0.01608051179487889
437,338,100,-13.678000000000003,0.01,12.29,3.84,3.3,2.39,0.01,0.015950345029337672
438,339,100,-13.711000000000002,0.01,12.35,3.87,3.33,2.42,0.01,0.015948971800313204
439,340,100,-13.723000000000003,0.01,12.61,3.96,3.39,2.46,0.01,0.016018519785605555
440,341,100,-13.699000000000002,0.01,12.32,3.87,3.31,2.42,0.01,0.015898507547527113
441,342,100,-13.695500000000003,0.01,12.26,3.89,3.33,2.45,0.01,0.015653076444174324
442,343,100,-13.702000000000004,0.01,12.27,3.9,3.34,2.46,0.01,0.015608578269490202
443,344,100,-13.724,0.01,12.55,4.01,3.44,2.51,0.01,0.01418230181789259
444,345,100,-13.772000000000002,0.01,12.62,4.07,3.47,2.54,0.02,0.01412937977580587
445,346,100,-13.783500000000002,0.01,12.61,4.09,3.48,2.56,0.02,0.01408522132855475
446,347,100,-13.787000000000003,0.01,12.6,4.1,3.49,2.57,0.02,0.013415041888380497
447,348,100,-13.784500000000003,0.01,12.58,4.11,3.5,2.58,0.02,0.013391722975546567
448,349,100,-13.826,0.01,12.72,4.13,3.52,2.59,0.02,0.013334269791182497
449,350,100,-13.898000000000001,0.01,12.88,4.19,3.56,2.63,0.02,0.013506354965179698
450,351,100,-13.959000000000001,0.01,13.03,4.24,3.59,2.65,0.02,0.01340788409673392
451,352,100,-13.8765,0.01,12.84,4.18,3.52,2.64,0.02,0.013234109800809973
452,353,100,-13.788000000000002,0.01,12.97,4.15,3.51,2.64,0.02,0.013312264849143043
453,354,100,-13.679,0.01,12.77,4.04,3.44,2.59,0.02,0.013916420205168676
454,355,100,-13.678500000000001,0.01,12.78,4.03,3.43,2.58,0.02,0.01419915762205654
455,356,100,-13.720000000000002,0.01,12.9,4.05,3.45,2.59,0.02,0.014351339178285745
456,357,100,-13.749500000000001,0.01,12.99,4.07,3.47,2.61,0.02,0.014588923103979294
457,358,100,-13.777500000000002,0.01,13.06,4.09,3.49,2.62,0.02,0.01456946237631846
458,359,100,-13.717,0.01,12.95,4.02,3.43,2.6,0.02,0.01443305393502734
459,360,100,-13.715500000000002,0.01,12.95,4.02,3.43,2.6,0.02,0.01440810250272794
460,361,100,-13.757,0.01,13.07,4.04,3.43,2.6,0.02,0.01472196656808801
461,362,100,-13.723500000000001,0.01,13.01,4.0,3.4,2.56,0.02,0.014710690734349307
462,363,100,-13.7895,0.01,13.09,4.09,3.45,2.61,0.02,0.014960495168715832
463,364,100,-13.7665,0.01,13.03,4.08,3.44,2.61,0.02,0.015335102690856221
464,365,100,-13.7665,0.01,13.03,4.08,3.42,2.62,0.02,0.015317364450938939
465,366,100,-13.6295,0.01,12.77,3.95,3.31,2.56,0.02,0.015066029130703538
466,367,100,-13.640000000000002,0.01,12.81,3.95,3.31,2.56,0.02,0.015046519934820105
467,368,100,-13.633000000000003,0.01,12.56,3.87,3.23,2.51,0.02,0.015012505153503983
468,369,100,-13.580500000000002,0.01,12.49,3.81,3.18,2.48,0.02,0.01483566755587063
469,370,100,-13.499,0.01,12.33,3.74,3.11,2.43,0.02,0.01482441745691683
470,371,100,-13.542500000000002,0.01,12.24,3.68,3.06,2.41,0.02,0.014849323369849725
471,372,100,-13.553000000000003,0.01,12.29,3.68,3.06,2.41,0.02,0.015074958955365965
472,373,100,-13.502500000000003,0.01,12.13,3.66,3.04,2.39,0.02,0.014521291837633992
473,374,100,-13.558000000000002,0.01,12.36,3.66,3.04,2.38,0.02,0.014929609254024794
474,375,100,-13.514000000000001,0.01,12.21,3.65,3.02,2.4,0.02,0.01459282107637934
475,376,100,-13.533500000000002,0.01,12.21,3.68,3.04,2.41,0.02,0.014744124851143868
476,377,100,-13.522,0.01,12.0,3.57,2.96,2.37,0.02,0.0145345968905276
477,378,100,-13.545000000000002,0.01,11.93,3.46,2.87,2.37,0.02,0.014673259792848727
478,379,100,-13.523000000000001,0.01,11.88,3.44,2.85,2.36,0.02,0.014686964812998275
479,380,100,-13.573000000000002,0.01,12.0,3.48,2.88,2.4,0.02,0.015021613878261189
480,381,100,-13.569,0.01,12.02,3.46,2.87,2.38,0.02,0.015033665522608175
481,382,100,-13.599,0.01,12.07,3.49,2.9,2.41,0.02,0.015065260839052077
482,383,100,-13.603000000000002,0.01,11.84,3.42,2.83,2.38,0.02,0.01478321146325521
483,384,100,-13.6315,0.01,11.92,3.45,2.84,2.39,0.02,0.014786608761533497
484,385,100,-13.548000000000002,0.01,11.82,3.34,2.75,2.34,0.02,0.014780142467587205
485,386,100,-13.5815,0.01,11.87,3.38,2.78,2.37,0.02,0.01475354320490138
486,387,100,-13.546500000000002,0.01,11.76,3.37,2.77,2.36,0.02,0.014771685963268534
487,388,100,-13.469000000000001,0.01,11.57,3.32,2.72,2.33,0.02,0.014605176700791908
488,389,100,-13.475000000000001,0.01,11.59,3.32,2.72,2.33,0.02,0.014518858268197501
489,390,100,-13.468000000000002,0.01,11.33,3.24,2.64,2.29,0.01,0.014477582678004974
490,391,100,-13.363500000000002,0.01,11.14,3.13,2.57,2.23,0.01,0.014469190901040197
491,392,100,-13.384,0.01,11.18,3.15,2.59,2.24,0.01,0.014729221489097711
492,393,100,-13.392000000000001,0.01,11.18,3.16,2.6,2.25,0.01,0.014271236426879039
493,394,100,-13.418500000000002,0.01,11.47,3.27,2.69,2.29,0.02,0.014380509330952237
494,395,100,-13.428500000000001,0.01,11.54,3.26,2.68,2.29,0.02,0.014353236919115211
495,396,100,-13.4465,0.01,11.81,3.35,2.74,2.33,0.02,0.01455991655029503
496,397,100,-13.365500000000003,0.01,11.62,3.29,2.69,2.29,0.02,0.014536437450359263
497,398,100,-13.375000000000002,0.01,11.65,3.3,2.69,2.3,0.02,0.014518809371079005
498,399,100,-13.3895,0.01,11.67,3.32,2.7,2.32,0.02,0.014515836525780456
499,400,100,-13.357000000000001,0.01,11.57,3.3,2.68,2.3,0.02,0.014491743617452679
500,401,100,-13.557,0.0,11.75,3.39,2.77,2.35,0.02,0.014575042300075912
501,402,100,-13.517500000000002,0.0,11.67,3.35,2.74,2.31,0.02,0.014565559240414654
502,403,100,-13.453500000000002,0.0,11.51,3.3,2.69,2.27,0.02,0.014416893484754268
503,404,100,-13.5015,0.0,11.59,3.36,2.72,2.31,0.02,0.014532414515956665
504,405,100,-13.5245,0.0,11.78,3.49,2.81,2.33,0.02,0.014529667705843106
505,406,100,-13.541500000000001,0.0,11.86,3.5,2.82,2.34,0.02,0.014529921307516657
506,407,100,-13.5745,0.0,11.93,3.53,2.85,2.37,0.02,0.01452235302038568
507,408,100,-13.590500000000002,0.0,11.96,3.55,2.88,2.38,0.02,0.014753623079951914
508,409,100,-13.607000000000001,0.0,12.03,3.55,2.87,2.37,0.02,0.014743046861479087
509,410,100,-13.648500000000002,0.0,12.15,3.57,2.89,2.38,0.02,0.014736918038724458
510,411,100,-13.7215,0.0,12.28,3.65,2.94,2.44,0.02,0.014735454512862425
511,412,100,-13.728500000000002,0.0,12.28,3.67,2.96,2.46,0.02,0.014723069581150322
512,413,100,-13.607000000000001,0.0,12.05,3.55,2.85,2.4,0.02,0.015088751416184787
513,414,100,-13.700500000000002,0.0,12.16,3.68,2.94,2.42,0.02,0.01494476098456081
514,415,100,-13.672500000000003,0.0,12.1,3.66,2.94,2.41,0.02,0.014938366911969793
515,416,100,-13.690000000000003,0.0,12.13,3.68,2.96,2.42,0.02,0.014840339884090968
516,417,100,-13.716500000000002,0.0,12.04,3.58,2.89,2.41,0.02,0.014668076887378622
517,418,100,-13.7445,0.0,12.12,3.6,2.91,2.43,0.02,0.01482806229701426
518,419,100,-13.808500000000002,0.0,12.28,3.65,2.95,2.46,0.02,0.014343782363764525
519,420,100,-13.810000000000002,0.0,12.51,3.74,3.02,2.51,0.02,0.01429248900234804
520,421,100,-13.827,0.0,12.56,3.75,3.02,2.52,0.02,0.014227538609225094
521,422,100,-13.836000000000002,0.0,12.6,3.75,3.02,2.52,0.02,0.014763205340411305
522,423,100,-13.876000000000001,0.0,12.5,3.68,2.99,2.5,0.02,0.014752562450252575
523,424,100,-13.879000000000001,0.0,12.52,3.68,2.99,2.5,0.02,0.015166217004156109
524,425,100,-13.959000000000001,0.0,12.69,3.75,3.04,2.56,0.02,0.01510925279172257
525,426,100,-13.942500000000003,0.0,12.62,3.75,3.04,2.56,0.02,0.014818407575777572
526,427,100,-13.974,0.0,12.68,3.78,3.07,2.59,0.02,0.014832490053538207
527,428,100,-13.978000000000002,0.0,12.74,3.77,3.07,2.58,0.02,0.014646851220280761
528,429,100,-14.087,0.0,13.01,3.85,3.13,2.62,0.02,0.01470958658862321
529,430,100,-14.045000000000002,0.0,12.9,3.82,3.1,2.61,0.02,0.014419593785658758
530,431,100,-14.036000000000001,0.0,12.85,3.82,3.09,2.62,0.04,0.014730913529503599
531,432,100,-14.032,0.0,12.89,3.8,3.08,2.6,0.04,0.01484451383455235
532,433,100,-13.976,0.0,12.75,3.76,3.05,2.57,0.04,0.01451220517264895
533,434,100,-13.8995,0.0,12.56,3.7,3.0,2.51,0.04,0.014335135875865757
534,435,100,-13.920500000000002,0.0,12.66,3.7,3.0,2.51,0.04,0.01453302694575234
535,436,100,-13.897,0.0,12.56,3.71,3.0,2.52,0.04,0.014511417164000597
536,437,100,-13.838000000000001,0.0,12.42,3.67,2.97,2.49,0.04,0.014496642447896757
537,438,100,-13.842,0.0,12.46,3.66,2.96,2.48,0.04,0.01475508975327371
538,439,100,-13.832500000000003,0.0,12.46,3.65,2.95,2.47,0.04,0.014746490014334044
539,440,100,-13.806500000000002,0.0,12.17,3.55,2.88,2.42,0.04,0.014617176578618109
540,441,100,-13.865500000000003,0.0,12.26,3.62,2.93,2.47,0.04,0.014905069456557268
541,442,100,-13.827,0.0,12.21,3.57,2.88,2.42,0.04,0.014898167784389097
542,443,100,-13.817,0.0,12.21,3.55,2.86,2.4,0.04,0.01490428378113358
543,444,100,-13.7995,0.0,11.95,3.44,2.76,2.35,0.04,0.014807198042384959
544,445,100,-13.764000000000001,0.0,11.92,3.39,2.74,2.33,0.03,0.014801788683772387
545,446,100,-13.737,0.0,11.89,3.36,2.72,2.3,0.03,0.014793369069437264
546,447,100,-13.723000000000003,0.0,11.86,3.35,2.71,2.29,0.03,0.014801266789643792
547,448,100,-13.7245,0.0,12.13,3.41,2.77,2.33,0.03,0.01478574355898681
548,449,100,-13.692,0.0,12.05,3.39,2.75,2.32,0.03,0.014778972299613802
549,450,100,-13.676000000000002,0.0,12.04,3.37,2.75,2.3,0.03,0.014770252248067883
550,451,100,-13.657500000000002,0.0,12.06,3.33,2.73,2.28,0.03,0.014624455350788535
551,452,100,-13.6415,0.0,12.04,3.31,2.72,2.26,0.03,0.014606234223298334
552,453,100,-13.745000000000003,0.0,11.99,3.34,2.71,2.26,0.06,0.01449563921203735
553,454,100,-13.835000000000003,0.0,12.15,3.43,2.78,2.31,0.06,0.013733197695532728
554,455,100,-13.858000000000002,0.0,12.15,3.47,2.81,2.33,0.06,0.013454998044719835
555,456,100,-13.815000000000003,0.0,12.03,3.45,2.79,2.32,0.06,0.013270869783767687
556,457,100,-13.895500000000002,0.0,12.18,3.53,2.85,2.36,0.06,0.013113171928705869
557,458,100,-13.840000000000002,0.0,12.02,3.5,2.82,2.35,0.06,0.013104805731635992
558,459,100,-13.871000000000002,0.0,12.04,3.55,2.85,2.37,0.06,0.013097748450609506
559,460,100,-13.8665,0.0,12.04,3.55,2.85,2.37,0.06,0.013090789753684823
560,461,100,-13.835500000000001,0.0,11.97,3.53,2.85,2.37,0.06,0.012745026262375754
561,462,100,-13.898500000000002,0.0,12.26,3.71,2.98,2.43,0.06,0.012825185967857247
562,463,100,-13.835500000000001,0.0,12.2,3.62,2.93,2.38,0.06,0.012538724618164118
563,464,100,-13.842000000000002,0.0,12.42,3.72,3.01,2.42,0.06,0.01214152979875565
564,465,100,-13.853500000000002,0.0,12.25,3.65,2.96,2.38,0.06,0.012025500071357591
565,466,100,-13.855000000000002,0.0,12.26,3.65,2.96,2.38,0.06,0.013508739926509215
566,467,100,-13.855500000000001,0.0,12.24,3.66,2.97,2.39,0.06,0.013491742085519405
567,468,100,-13.889500000000004,0.0,12.49,3.8,3.07,2.45,0.06,0.013581809764077423
568,469,100,-13.869500000000002,0.0,12.42,3.79,3.07,2.44,0.06,0.014069636807639882
569,470,100,-13.909,0.0,12.48,3.83,3.11,2.47,0.06,0.014271926253580954
570,471,100,-13.839500000000003,0.0,12.28,3.79,3.07,2.44,0.06,0.014109882220438878
571,472,100,-13.914500000000002,0.0,12.39,3.88,3.14,2.5,0.07,0.014248445129575828
572,473,100,-13.938000000000002,0.0,12.45,3.9,3.16,2.52,0.07,0.014684247518977771
573,474,100,-13.864,0.0,12.47,3.95,3.19,2.55,0.07,0.014352841681123933
574,475,100,-13.826500000000001,0.0,12.41,3.92,3.17,2.52,0.07,0.014345029630745776
575,476,100,-13.8115,0.0,12.44,3.89,3.15,2.5,0.07,0.014163687835977514
576,477,100,-13.774000000000001,0.0,12.65,3.92,3.18,2.52,0.07,0.01414487363830074
577,478,100,-13.657500000000002,0.0,12.72,3.87,3.15,2.49,0.07,0.014082902200500604
578,479,100,-13.698000000000002,0.0,12.83,3.9,3.17,2.52,0.07,0.014296432215041295
579,480,100,-13.6735,0.0,12.83,3.86,3.14,2.47,0.07,0.0141116161172965
580,481,100,-13.6765,0.0,13.07,3.95,3.22,2.53,0.07,0.014178398095652219
581,482,100,-13.736500000000001,0.0,13.2,4.01,3.28,2.55,0.07,0.014547339292119993
582,483,100,-13.722500000000002,0.0,13.17,4.0,3.27,2.55,0.07,0.014506486608191062
583,484,100,-13.681000000000001,0.0,13.08,3.95,3.24,2.52,0.07,0.01451106685183692
584,485,100,-13.695500000000003,0.0,13.11,3.97,3.25,2.54,0.07,0.014971749284004153
585,486,100,-13.789000000000001,0.0,13.35,4.04,3.32,2.57,0.07,0.014977412065035334
586,487,100,-13.805500000000002,0.0,13.63,4.13,3.4,2.61,0.07,0.014964675575892731
587,488,100,-13.849,0.0,13.76,4.16,3.42,2.64,0.07,0.015133655584495108
588,489,100,-13.9015,0.0,13.86,4.22,3.47,2.69,0.07,0.014907280928989432
589,490,100,-13.906,0.0,13.87,4.22,3.47,2.69,0.07,0.014903563818497143
590,491,100,-13.910500000000003,0.0,13.89,4.22,3.47,2.69,0.07,0.014880846947034381
591,492,100,-13.914000000000001,0.0,13.94,4.2,3.45,2.68,0.07,0.014593667961803137
592,493,100,-13.9135,0.0,13.97,4.19,3.44,2.67,0.07,0.014892990030893527
593,494,100,-13.909,0.0,13.73,4.1,3.37,2.64,0.06,0.014783158280112563
594,495,100,-13.871000000000002,0.0,13.9,4.15,3.42,2.67,0.06,0.01487903515601022
595,496,100,-13.862500000000002,0.0,13.66,4.07,3.36,2.64,0.06,0.014658624747014792
596,497,100,-13.864,0.0,13.66,4.07,3.36,2.64,0.06,0.014655252195141466
597,498,100,-13.849500000000003,0.0,13.63,4.05,3.35,2.62,0.06,0.014642021564479175
598,499,100,-13.890500000000001,0.0,13.77,4.06,3.37,2.62,0.06,0.01480552309249786
599,500,100,-13.914000000000001,0.0,13.83,4.08,3.39,2.64,0.06,0.014794720491615843
600,501,100,-13.965500000000002,0.0,13.69,4.06,3.35,2.65,0.06,0.014690935171843021
601,502,100,-14.067500000000003,0.0,13.98,4.12,3.4,2.71,0.06,0.014784042594889626
602,503,100,-14.069,0.0,13.99,4.12,3.4,2.71,0.06,0.015506933852111746
603,504,100,-14.011500000000002,0.0,13.89,4.05,3.36,2.67,0.06,0.015365894600573436
604,505,100,-13.9465,0.0,13.89,3.95,3.29,2.66,0.08,0.01535204193770091
605,506,100,-13.877,0.0,13.67,3.91,3.25,2.63,0.08,0.015324673613140487
606,507,100,-13.907500000000002,0.0,13.72,3.95,3.27,2.65,0.08,0.015317206195509359
607,508,100,-13.828000000000001,0.0,13.52,3.89,3.21,2.61,0.08,0.015066942906504172
608,509,100,-13.800000000000002,0.0,13.46,3.87,3.19,2.6,0.08,0.015045823386154155
609,510,100,-13.811000000000002,0.0,13.49,3.88,3.19,2.62,0.08,0.015178281790045602
610,511,100,-13.742500000000001,0.0,13.38,3.8,3.14,2.56,0.08,0.016151352870533976
611,512,100,-13.791000000000002,0.0,13.62,3.96,3.26,2.6,0.08,0.016152335223842525
612,513,100,-13.785000000000002,0.0,13.59,3.96,3.26,2.6,0.08,0.015543751268748306
613,514,100,-13.699000000000002,0.0,13.47,3.86,3.18,2.59,0.1,0.01569752560982143
614,515,100,-13.662000000000003,0.0,13.68,3.87,3.19,2.58,0.1,0.0156819681611701
615,516,100,-13.702000000000004,0.0,13.74,3.92,3.23,2.61,0.1,0.015378437419128083
616,517,100,-13.617500000000001,0.0,13.56,3.85,3.17,2.57,0.1,0.015179581012715332
617,518,100,-13.674000000000001,0.0,13.69,3.9,3.2,2.6,0.11,0.015004012767206445
618,519,100,-13.6445,0.0,13.6,3.88,3.19,2.58,0.11,0.015202638090122834
619,520,100,-13.685000000000002,0.0,13.48,3.82,3.15,2.55,0.11,0.015209686199526853
620,521,100,-13.6495,0.0,13.37,3.8,3.14,2.53,0.11,0.01621715922978194
621,522,100,-13.653000000000002,0.0,13.36,3.81,3.15,2.54,0.11,0.015622310618971935
622,523,100,-13.552,0.0,13.46,3.77,3.11,2.51,0.11,0.01573524538620173
623,524,100,-13.539000000000001,0.0,13.45,3.75,3.1,2.49,0.11,0.015333148090963757
624,525,100,-13.459000000000001,0.0,13.28,3.68,3.05,2.43,0.11,0.015374361776015399
625,526,100,-13.422,0.0,13.54,3.69,3.06,2.43,0.11,0.01546821974528921
626,527,100,-13.392000000000001,0.0,13.49,3.66,3.03,2.4,0.11,0.01545774649349741
627,528,100,-13.352500000000003,0.0,13.4,3.62,2.99,2.38,0.11,0.015447266874711894
628,529,100,-13.245000000000003,0.0,13.14,3.54,2.93,2.34,0.11,0.01606666251473091
629,530,100,-13.211000000000002,0.0,13.04,3.52,2.91,2.32,0.11,0.016060337370093773
630,531,100,-13.2215,0.0,13.16,3.49,2.91,2.28,0.09,0.015727318137442877
631,532,100,-13.174000000000001,0.0,12.98,3.47,2.89,2.26,0.09,0.015587840363233069
632,533,100,-13.2345,0.0,13.23,3.66,3.04,2.3,0.09,0.015579137469840887
633,534,100,-13.259,0.0,13.51,3.76,3.12,2.36,0.09,0.015577325623681488
634,535,100,-13.2645,0.0,13.49,3.78,3.14,2.37,0.09,0.015323318358399316
635,536,100,-13.250000000000002,0.0,13.47,3.76,3.13,2.35,0.09,0.015304660359906994
636,537,100,-13.2765,0.0,13.52,3.78,3.14,2.37,0.09,0.01528360452938083
637,538,100,-13.252,0.0,13.44,3.77,3.13,2.36,0.09,0.014980244583610476
638,539,100,-13.270500000000002,0.0,13.49,3.78,3.14,2.36,0.1,0.014976904352413986
639,540,100,-13.275000000000002,0.0,13.78,3.84,3.19,2.39,0.1,0.015086185491707052
640,541,100,-13.223500000000001,0.0,13.73,3.77,3.14,2.34,0.1,0.014794680300348315
641,542,100,-13.248000000000001,0.0,13.83,3.78,3.15,2.35,0.1,0.014794583301132062
642,543,100,-13.230500000000001,0.0,14.08,3.82,3.19,2.37,0.1,0.014789361470140656
643,544,100,-13.229000000000001,0.0,14.07,3.82,3.19,2.37,0.1,0.01478070180641408
644,545,100,-13.258000000000003,0.0,14.31,3.95,3.3,2.41,0.1,0.014776015246397954
645,546,100,-13.261500000000002,0.0,14.3,3.96,3.3,2.42,0.1,0.01476805811149765
646,547,100,-13.314,0.0,14.44,3.99,3.33,2.44,0.1,0.014758974401895717
647,548,100,-13.304,0.0,14.44,3.97,3.31,2.42,0.1,0.014937976472889213
648,549,100,-13.325500000000002,0.0,14.5,3.98,3.32,2.43,0.1,0.014945356834266628
649,550,100,-13.277500000000002,0.0,14.36,3.95,3.29,2.42,0.1,0.01473941940123292
650,551,100,-13.276000000000002,0.0,14.28,3.98,3.32,2.44,0.1,0.014606080110345691
651,552,100,-13.368000000000002,0.0,14.52,4.05,3.38,2.5,0.1,0.014604703108614968
652,553,100,-13.309500000000003,0.0,14.48,3.96,3.34,2.48,0.07,0.014584853186126923
653,554,100,-13.220500000000001,0.0,14.35,3.86,3.26,2.42,0.07,0.014571962868100821
654,555,100,-13.1965,0.0,14.33,3.83,3.24,2.4,0.07,0.014518893862176778
655,556,100,-13.212000000000003,0.0,14.38,3.84,3.25,2.41,0.07,0.014495600328697913
656,557,100,-13.127,0.0,14.2,3.76,3.18,2.37,0.07,0.014368510405911403
657,558,100,-13.111,0.0,14.18,3.74,3.16,2.35,0.07,0.014352712679877526
658,559,100,-13.032500000000002,0.0,14.03,3.67,3.11,2.31,0.07,0.01434686920953573
659,560,100,-13.099,0.0,14.15,3.74,3.16,2.33,0.09,0.014334190603914105
660,561,100,-13.071000000000002,0.0,14.06,3.72,3.14,2.31,0.09,0.014308609892727581
661,562,100,-13.014000000000001,0.0,13.8,3.54,3.01,2.25,0.09,0.014904031792710775
662,563,100,-13.053500000000001,0.0,13.87,3.58,3.05,2.28,0.09,0.01491470284692493
663,564,100,-13.022,0.0,13.59,3.46,2.95,2.22,0.09,0.014950596330827258
664,565,100,-12.975500000000002,0.0,13.76,3.49,2.97,2.24,0.09,0.015051317195324022
665,566,100,-12.9815,0.0,13.79,3.49,2.97,2.24,0.09,0.013550116103756971
666,567,100,-12.955500000000002,0.0,13.71,3.48,2.96,2.23,0.09,0.013557938386446904
667,568,100,-12.923000000000002,0.0,13.46,3.34,2.86,2.17,0.09,0.013454147868589294
668,569,100,-12.914000000000001,0.0,13.43,3.34,2.85,2.17,0.09,0.012948260603272152
669,570,100,-12.893000000000002,0.0,13.39,3.31,2.82,2.15,0.09,0.012723409369587031
670,571,100,-12.9345,0.0,13.45,3.36,2.86,2.2,0.09,0.012723061873510143
671,572,100,-12.850500000000002,0.0,13.53,3.36,2.87,2.18,0.08,0.0123041896126053
672,573,100,-12.883000000000003,0.0,13.64,3.38,2.87,2.2,0.08,0.011867897586439222
673,574,100,-12.882500000000002,0.0,13.36,3.31,2.82,2.16,0.08,0.01176080718276412
674,575,100,-12.922,0.0,13.57,3.47,2.95,2.21,0.09,0.01173649256414641
675,576,100,-12.887,0.0,13.51,3.43,2.92,2.18,0.09,0.011719541338021873
676,577,100,-12.963500000000002,0.0,13.51,3.4,2.88,2.16,0.09,0.011803497219556949
677,578,100,-13.000000000000002,0.0,13.27,3.38,2.86,2.16,0.09,0.011705768312581511
678,579,100,-12.964,0.0,13.18,3.35,2.84,2.13,0.09,0.011479380564901673
679,580,100,-12.919500000000001,0.0,13.04,3.33,2.82,2.12,0.09,0.011319081397704878
680,581,100,-12.953500000000002,0.0,12.85,3.29,2.79,2.1,0.09,0.011235208375956904
681,582,100,-12.934000000000001,0.0,12.78,3.29,2.78,2.1,0.09,0.010819100485816196
682,583,100,-12.940500000000002,0.0,12.78,3.3,2.79,2.11,0.09,0.010811055056103103
683,584,100,-12.937500000000002,0.0,12.77,3.3,2.79,2.11,0.09,0.010760123425757419
684,585,100,-12.973500000000001,0.0,12.91,3.3,2.8,2.09,0.09,0.010266724326388197
685,586,100,-12.918500000000002,0.0,12.81,3.25,2.75,2.09,0.09,0.010244479803690905
686,587,100,-12.940500000000002,0.0,12.66,3.18,2.69,2.07,0.09,0.010633785890039276
687,588,100,-12.970000000000002,0.0,12.76,3.2,2.71,2.07,0.1,0.010467040366437273
688,589,100,-12.8945,0.0,12.59,3.13,2.65,2.01,0.1,0.01048519081745167
689,590,100,-12.931000000000001,0.0,12.74,3.14,2.66,2.02,0.1,0.01063927450503093
690,591,100,-12.9685,0.0,12.93,3.14,2.66,2.02,0.1,0.01063457952197147
691,592,100,-12.947000000000001,0.0,13.08,3.22,2.74,2.06,0.1,0.01063075040973384
692,593,100,-12.935500000000001,0.0,13.0,3.23,2.75,2.07,0.1,0.010325252576089801
693,594,100,-12.9585,0.0,13.09,3.24,2.76,2.09,0.1,0.010516611161776535
694,595,100,-12.957,0.0,13.09,3.24,2.76,2.09,0.1,0.010493284481052644
695,596,100,-13.009,0.0,13.2,3.29,2.8,2.12,0.1,0.01048014383891368
696,597,100,-13.003000000000002,0.0,13.18,3.29,2.8,2.12,0.1,0.01046152297652097
697,598,100,-13.0485,0.0,13.29,3.33,2.84,2.15,0.1,0.010442148433991636
698,599,100,-13.018000000000002,0.0,13.19,3.32,2.83,2.15,0.1,0.010251962051970726
699,600,100,-12.972000000000001,0.0,13.41,3.33,2.84,2.15,0.1,0.010463647154364888
700,601,100,-12.909500000000001,0.0,13.55,3.34,2.86,2.14,0.1,0.010561684334365764
701,602,100,-12.869000000000002,0.0,13.42,3.34,2.85,2.12,0.1,0.010460298796104928
702,603,100,-12.892000000000001,0.0,13.51,3.35,2.85,2.13,0.1,0.009705686826734677
703,604,100,-12.867500000000001,0.0,13.43,3.34,2.84,2.12,0.1,0.009692920960952759
704,605,100,-12.857500000000002,0.0,13.14,3.26,2.77,2.07,0.08,0.009673074278127945
705,606,100,-12.909500000000001,0.0,13.26,3.31,2.81,2.11,0.1,0.010274431446102678
706,607,100,-12.840500000000002,0.0,13.09,3.25,2.77,2.07,0.1,0.010278649489249432
707,608,100,-12.860500000000002,0.0,13.15,3.26,2.78,2.08,0.1,0.010269341987295406
708,609,100,-12.840500000000002,0.0,13.09,3.25,2.78,2.07,0.1,0.011150415948961791
709,610,100,-12.848500000000001,0.0,13.09,3.26,2.79,2.08,0.1,0.011008683802347562
710,611,100,-12.879000000000001,0.0,13.22,3.27,2.8,2.09,0.1,0.010183305172798814
711,612,100,-12.795500000000002,0.0,13.22,3.13,2.7,2.06,0.1,0.010175448070324927
712,613,100,-12.853000000000002,0.0,13.33,3.2,2.74,2.1,0.1,0.010169724728544856
713,614,100,-12.840500000000002,0.0,13.36,3.16,2.73,2.07,0.08,0.009831609294686511
714,615,100,-12.861500000000001,0.0,13.11,3.13,2.7,2.06,0.08,0.009833510891509908
715,616,100,-12.8565,0.0,13.19,3.09,2.67,2.04,0.08,0.009946750901979294
716,617,100,-12.8345,0.0,13.46,3.13,2.71,2.06,0.08,0.010043822873840006
717,618,100,-12.750000000000002,0.0,13.25,3.06,2.66,2.01,0.07,0.00988771551996798
718,619,100,-12.730500000000001,0.0,13.23,3.03,2.63,2.0,0.07,0.009665094804174854
719,620,100,-12.6745,0.0,13.09,2.99,2.59,1.97,0.07,0.00965690274787639
720,621,100,-12.691500000000001,0.0,13.15,3.0,2.6,1.98,0.07,0.00896070478406514
721,622,100,-12.774000000000001,0.0,13.39,3.06,2.64,2.03,0.07,0.009148900123685388
722,623,100,-12.810000000000002,0.0,13.11,3.06,2.64,2.03,0.07,0.009041648124872185
723,624,100,-12.932500000000003,0.0,13.34,3.2,2.71,2.08,0.08,0.009015229957232083
724,625,100,-12.947000000000001,0.0,13.63,3.28,2.78,2.13,0.08,0.00905262869039192
725,626,100,-13.017000000000001,0.0,13.49,3.3,2.78,2.16,0.08,0.008956965618825544
726,627,100,-13.105500000000001,0.0,13.74,3.36,2.84,2.2,0.08,0.008947718350766977
727,628,100,-13.103000000000002,0.0,13.74,3.37,2.84,2.22,0.08,0.009142790245287248
728,629,100,-13.098500000000001,0.0,13.72,3.37,2.84,2.22,0.08,0.0084090407484203
729,630,100,-13.129000000000001,0.0,13.99,3.5,2.94,2.27,0.08,0.008408498353622828
730,631,100,-13.089,0.0,13.85,3.48,2.92,2.26,0.08,0.008389793321233926
731,632,100,-13.115000000000002,0.0,13.94,3.49,2.93,2.27,0.08,0.008375671063949614
732,633,100,-13.0485,0.0,13.67,3.3,2.78,2.23,0.08,0.008368553573549053
733,634,100,-13.028500000000001,0.0,13.67,3.29,2.76,2.23,0.08,0.008372340745013312
734,635,100,-13.016000000000002,0.0,13.63,3.28,2.75,2.23,0.08,0.008379135447274998
735,636,100,-13.1145,0.0,13.89,3.36,2.82,2.27,0.08,0.008501950077519478
736,637,100,-13.134,0.0,13.99,3.36,2.83,2.27,0.08,0.008498203486942411
737,638,100,-13.191500000000001,0.0,14.14,3.4,2.87,2.31,0.08,0.009022048696367507
738,639,100,-13.205500000000002,0.0,14.16,3.41,2.88,2.31,0.07,0.009226962944372684
739,640,100,-13.209000000000001,0.0,13.88,3.36,2.84,2.29,0.07,0.009170025994105081
740,641,100,-13.294,0.0,14.13,3.41,2.88,2.33,0.07,0.009168319779949079
741,642,100,-13.280500000000002,0.0,14.07,3.41,2.88,2.33,0.07,0.009150503005642486
742,643,100,-13.290500000000002,0.0,13.8,3.37,2.84,2.31,0.07,0.010025769253692321
743,644,100,-13.325500000000002,0.0,13.86,3.41,2.86,2.34,0.07,0.010011840159012875
744,645,100,-13.276000000000002,0.0,13.57,3.26,2.73,2.28,0.07,0.010085166496241714
745,646,100,-13.271,0.0,13.57,3.25,2.73,2.27,0.07,0.01007632518716616
746,647,100,-13.255000000000003,0.0,13.51,3.26,2.73,2.28,0.07,0.010069254069709573
747,648,100,-13.254000000000001,0.0,13.22,3.21,2.68,2.25,0.07,0.009906619897038718
748,649,100,-13.211000000000002,0.0,13.07,3.19,2.66,2.23,0.07,0.0098698205271247
749,650,100,-13.201500000000001,0.0,13.05,3.18,2.65,2.22,0.07,0.009878297709640285
750,651,100,-13.134,0.0,13.17,3.18,2.65,2.22,0.07,0.009869469586979974
751,652,100,-13.056000000000001,0.0,12.97,3.12,2.6,2.17,0.07,0.009859521383500103
752,653,100,-13.040500000000002,0.0,12.92,3.11,2.59,2.17,0.07,0.010023295308208013
753,654,100,-13.079500000000001,0.0,13.02,3.14,2.62,2.19,0.07,0.010015157796044416
754,655,100,-13.060500000000001,0.0,12.99,3.12,2.6,2.18,0.07,0.01001809648940461
755,656,100,-13.054,0.0,12.99,3.11,2.59,2.17,0.07,0.01027933936372055
756,657,100,-13.027500000000002,0.0,12.93,3.09,2.58,2.15,0.07,0.01026530146492068
757,658,100,-13.056500000000002,0.0,13.06,3.1,2.59,2.16,0.07,0.010267152463714806
758,659,100,-13.055000000000001,0.0,13.05,3.1,2.59,2.16,0.07,0.010258495146048003
759,660,100,-13.011500000000002,0.0,12.99,3.04,2.54,2.15,0.05,0.010253441010675702
760,661,100,-13.063000000000002,0.0,13.12,3.08,2.57,2.19,0.05,0.010268545875671315
761,662,100,-13.125000000000002,0.0,13.24,3.15,2.62,2.24,0.05,0.00956794786086166
762,663,100,-13.095500000000001,0.0,13.43,3.19,2.64,2.25,0.05,0.009540669982912255
763,664,100,-13.1045,0.0,13.48,3.19,2.64,2.25,0.05,0.010350083394932662
764,665,100,-13.116000000000001,0.0,13.48,3.21,2.67,2.25,0.05,0.01034431724225678
765,666,100,-13.118500000000001,0.0,13.73,3.29,2.75,2.28,0.05,0.010532538289268294
766,667,100,-13.124500000000001,0.0,13.75,3.29,2.75,2.28,0.05,0.010528765720534551
767,668,100,-13.168000000000001,0.0,13.88,3.32,2.78,2.3,0.05,0.010533592567558607
768,669,100,-13.157500000000002,0.0,14.15,3.38,2.82,2.34,0.05,0.010528509022583305
769,670,100,-13.117,0.0,14.35,3.41,2.84,2.35,0.05,0.010617658839553956
770,671,100,-13.075500000000002,0.0,14.29,3.36,2.8,2.3,0.05,0.010701388260409067
771,672,100,-13.106000000000002,0.0,14.1,3.31,2.76,2.29,0.05,0.010722730914500682
772,673,100,-13.097000000000001,0.0,14.1,3.28,2.75,2.26,0.05,0.010718120326037037
773,674,100,-13.140500000000001,0.0,14.24,3.31,2.78,2.29,0.05,0.010691901444206463
774,675,100,-13.083000000000002,0.0,14.24,3.21,2.71,2.27,0.04,0.0111059842068365
775,676,100,-13.1445,0.0,14.38,3.27,2.75,2.32,0.04,0.011333638836886466
776,677,100,-13.079,0.0,14.11,3.25,2.74,2.3,0.04,0.011250818379169683
777,678,100,-13.050500000000001,0.0,14.35,3.28,2.77,2.29,0.04,0.011244768737878073
778,679,100,-13.054,0.0,14.34,3.29,2.78,2.3,0.04,0.011219630023372092
779,680,100,-13.153500000000001,0.0,14.61,3.36,2.84,2.34,0.04,0.011194508679623136
780,681,100,-13.1385,0.0,14.55,3.36,2.82,2.33,0.04,0.011179234690698894
781,682,100,-13.136000000000001,0.0,14.66,3.31,2.77,2.31,0.04,0.011175190830311304
782,683,100,-13.080000000000002,0.0,14.92,3.3,2.76,2.3,0.04,0.011159259981668897
783,684,100,-13.080000000000002,0.0,14.92,3.3,2.76,2.3,0.04,0.011146927611862652
784,685,100,-13.075500000000002,0.0,14.91,3.3,2.76,2.3,0.04,0.011139464180006792
785,686,100,-13.0365,0.0,14.81,3.27,2.73,2.27,0.04,0.011136582378552442
786,687,100,-13.030000000000003,0.0,14.81,3.26,2.72,2.26,0.04,0.010708857400092753
787,688,100,-13.017500000000002,0.0,14.74,3.25,2.72,2.25,0.03,0.010848398929015702
788,689,100,-13.005500000000001,0.0,14.69,3.25,2.72,2.25,0.03,0.010809518174481857
789,690,100,-12.949000000000002,0.0,14.79,3.29,2.74,2.28,0.04,0.010760644169213993
790,691,100,-13.004000000000001,0.0,14.81,3.37,2.8,2.32,0.05,0.010871059089331619
791,692,100,-13.072500000000002,0.0,14.73,3.36,2.77,2.31,0.05,0.010876456468063223
792,693,100,-13.105000000000002,0.0,14.84,3.38,2.78,2.33,0.05,0.010886528182212222
793,694,100,-13.063500000000001,0.0,14.99,3.42,2.81,2.34,0.05,0.010674131782162892
794,695,100,-13.068000000000001,0.0,14.7,3.36,2.75,2.3,0.05,0.010566811437932113
795,696,100,-12.987500000000002,0.0,14.83,3.34,2.75,2.28,0.05,0.010568230489110368
796,697,100,-12.995000000000003,0.0,14.86,3.34,2.75,2.28,0.05,0.010583297265069354
797,698,100,-12.962500000000002,0.0,14.77,3.32,2.72,2.27,0.05,0.010580850520079857
798,699,100,-12.951500000000001,0.0,14.76,3.31,2.71,2.26,0.05,0.010580047551079733
799,700,100,-12.966500000000002,0.0,14.76,3.34,2.73,2.28,0.05,0.010371055070973391
800,701,100,-12.965000000000002,0.0,14.76,3.34,2.74,2.29,0.06,0.01038520204481801
801,702,100,-12.887500000000003,0.0,14.89,3.32,2.74,2.28,0.06,0.01038449128677525
802,703,100,-12.890500000000001,0.0,14.89,3.32,2.75,2.28,0.06,0.010377926984978419
803,704,100,-12.8885,0.0,14.92,3.31,2.74,2.27,0.06,0.010382094133297957
804,705,100,-12.9135,0.0,15.21,3.42,2.82,2.33,0.07,0.010393525336541126
805,706,100,-12.8665,0.0,15.09,3.38,2.79,2.3,0.05,0.009787731203465922
806,707,100,-12.820000000000002,0.0,15.37,3.38,2.79,2.3,0.05,0.009963301849999665
807,708,100,-12.817000000000002,0.0,15.37,3.38,2.79,2.3,0.05,0.00996975544884914
808,709,100,-12.803000000000003,0.0,15.33,3.37,2.78,2.29,0.05,0.009080194778013332
809,710,100,-12.708000000000002,0.0,15.43,3.36,2.78,2.26,0.05,0.00916708602353711
810,711,100,-12.677000000000003,0.0,15.57,3.43,2.83,2.29,0.06,0.009174036860063923
811,712,100,-12.694500000000003,0.0,15.3,3.39,2.79,2.26,0.06,0.009168362610687751
812,713,100,-12.648000000000001,0.0,15.21,3.33,2.76,2.23,0.07,0.009176576355598473
813,714,100,-12.6865,0.0,15.36,3.35,2.78,2.24,0.07,0.009179111870388536
814,715,100,-12.702000000000004,0.0,15.41,3.36,2.79,2.25,0.07,0.009169858742015006
815,716,100,-12.728000000000002,0.0,15.43,3.4,2.82,2.27,0.08,0.00913927583075251
816,717,100,-12.745500000000002,0.0,15.14,3.36,2.78,2.25,0.08,0.009041229520467715
817,718,100,-12.838000000000001,0.0,15.37,3.44,2.85,2.3,0.08,0.009159132637577581
818,719,100,-12.780500000000002,0.0,15.54,3.46,2.87,2.31,0.08,0.009348788232317239
819,720,100,-12.774500000000003,0.0,15.8,3.52,2.93,2.35,0.08,0.009437072699800023
820,721,100,-12.750500000000002,0.0,16.01,3.58,2.98,2.39,0.08,0.009227891386345331
821,722,100,-12.691,0.0,15.86,3.53,2.95,2.35,0.08,0.009243944308551126
822,723,100,-12.698000000000002,0.0,15.93,3.52,2.94,2.34,0.08,0.009243172925106659
823,724,100,-12.560000000000002,0.0,15.65,3.37,2.86,2.28,0.07,0.009254243259932902
824,725,100,-12.547000000000002,0.0,15.37,3.29,2.79,2.23,0.07,0.009188200695162385
825,726,100,-12.548000000000002,0.0,15.38,3.28,2.8,2.22,0.07,0.009207137062084612
826,727,100,-12.4585,0.0,15.41,3.29,2.8,2.22,0.07,0.009206775401155888
827,728,100,-12.419,0.0,15.56,3.34,2.84,2.23,0.07,0.009006313841149326
828,729,100,-12.403000000000002,0.0,15.84,3.38,2.88,2.25,0.07,0.009213345384593546
829,730,100,-12.368000000000002,0.0,15.84,3.31,2.83,2.25,0.07,0.009224266790474103
830,731,100,-12.389500000000004,0.0,15.94,3.32,2.84,2.26,0.07,0.009232851732444288
831,732,100,-12.371500000000001,0.0,16.13,3.41,2.89,2.31,0.07,0.009230516452403656
832,733,100,-12.455500000000002,0.0,16.4,3.47,2.94,2.34,0.07,0.009418086684331525
833,734,100,-12.496500000000001,0.0,16.22,3.42,2.91,2.32,0.07,0.009607700328054754
834,735,100,-12.4715,0.0,16.46,3.46,2.95,2.33,0.07,0.009605641419090557
835,736,100,-12.410000000000002,0.0,16.33,3.4,2.9,2.31,0.07,0.009481741601969988
836,737,100,-12.438000000000002,0.0,16.35,3.45,2.93,2.34,0.07,0.009744119870294842
837,738,100,-12.3915,0.0,16.48,3.51,2.96,2.36,0.07,0.009231170728703273
838,739,100,-12.410000000000002,0.0,16.59,3.52,2.96,2.38,0.07,0.00901533204603265
839,740,100,-12.431000000000001,0.0,16.7,3.52,2.96,2.38,0.07,0.008963659422880164
840,741,100,-12.3315,0.0,16.7,3.54,2.97,2.38,0.08,0.008943180970595965
841,742,100,-12.327000000000004,0.0,16.67,3.54,2.97,2.38,0.08,0.008940768244175189
842,743,100,-12.383500000000002,0.0,16.87,3.56,2.99,2.4,0.08,0.00818261777556777
843,744,100,-12.353000000000002,0.0,16.83,3.52,2.97,2.37,0.08,0.008161147662169055
844,745,100,-12.418500000000002,0.0,17.01,3.57,3.02,2.41,0.08,0.008084059809089687
845,746,100,-12.474500000000003,0.0,17.18,3.61,3.06,2.44,0.08,0.008082022902019837
846,747,100,-12.449000000000002,0.0,17.13,3.58,3.04,2.42,0.08,0.008077042196199088
847,748,100,-12.460500000000001,0.0,17.42,3.66,3.11,2.48,0.08,0.008122702007551467
848,749,100,-12.496000000000002,0.0,17.53,3.68,3.13,2.5,0.08,0.008139450847137795
849,750,100,-12.547500000000003,0.0,17.67,3.72,3.16,2.53,0.1,0.008341851503011538
850,751,100,-12.574500000000002,0.0,17.67,3.78,3.19,2.55,0.1,0.008342820085415849
851,752,100,-12.574000000000002,0.0,17.69,3.77,3.18,2.54,0.1,0.00833950856949705
852,753,100,-12.518500000000001,0.0,17.83,3.8,3.2,2.56,0.1,0.008366053749657659
853,754,100,-12.453000000000001,0.0,17.96,3.81,3.21,2.58,0.1,0.008461642672073812
854,755,100,-12.517000000000003,0.0,18.14,3.86,3.25,2.62,0.1,0.008595996752248578
855,756,100,-12.498000000000001,0.0,18.34,3.93,3.31,2.66,0.1,0.008447751104349702
856,757,100,-12.496500000000003,0.0,18.33,3.93,3.31,2.66,0.1,0.008470220089757315
857,758,100,-12.473500000000001,0.0,18.23,3.92,3.3,2.65,0.1,0.008480689504333805
858,759,100,-12.512000000000002,0.0,18.38,3.94,3.31,2.67,0.1,0.008489766789789034
859,760,100,-12.508500000000002,0.0,18.41,3.93,3.31,2.65,0.1,0.008677011333940639
860,761,100,-12.469500000000004,0.0,18.56,3.99,3.36,2.67,0.1,0.008772911778933613
861,762,100,-12.437000000000003,0.0,18.53,3.94,3.33,2.64,0.1,0.008764811007839155
862,763,100,-12.465000000000002,0.0,18.33,3.9,3.31,2.63,0.11,0.008768416432343263
863,764,100,-12.531500000000003,0.0,18.56,3.94,3.35,2.66,0.11,0.007989688033754598
864,765,100,-12.577000000000004,0.0,18.44,3.89,3.3,2.64,0.11,0.007890328431520531
865,766,100,-12.604000000000003,0.0,18.27,3.83,3.24,2.63,0.11,0.0077039141190328245
866,767,100,-12.608500000000001,0.0,18.29,3.83,3.24,2.63,0.11,0.007686387515662451
867,768,100,-12.534000000000002,0.0,18.41,3.84,3.25,2.65,0.11,0.007681134197230406
868,769,100,-12.579,0.0,18.34,3.78,3.22,2.61,0.11,0.007941597828114745
869,770,100,-12.630500000000001,0.0,18.22,3.76,3.21,2.61,0.11,0.00785509963176154
870,771,100,-12.632000000000003,0.0,18.23,3.76,3.21,2.61,0.11,0.007769118970082481
871,772,100,-12.633000000000003,0.0,18.26,3.75,3.2,2.61,0.11,0.00773926523153744
872,773,100,-12.389000000000001,0.01,18.1,3.74,3.19,2.6,0.11,0.007733233432536648
873,774,100,-12.347000000000003,0.01,17.97,3.71,3.16,2.57,0.11,0.007728351679804128
874,775,100,-12.324500000000002,0.01,17.97,3.68,3.13,2.55,0.11,0.007318222548210076
875,776,100,-12.320000000000002,0.01,17.96,3.68,3.14,2.53,0.11,0.007096079474858407
876,777,100,-12.352500000000003,0.01,18.06,3.7,3.16,2.55,0.11,0.00708245862900133
877,778,100,-12.428500000000001,0.01,18.05,3.66,3.12,2.55,0.11,0.0073598178887764746
878,779,100,-12.416000000000002,0.01,18.33,3.71,3.15,2.59,0.11,0.007367086154015438
879,780,100,-12.313500000000001,0.01,18.04,3.64,3.09,2.55,0.11,0.010307382308290664
880,781,100,-12.284,0.01,18.29,3.68,3.13,2.56,0.11,0.01030227265708243
881,782,100,-12.252000000000002,0.01,18.18,3.67,3.13,2.56,0.11,0.010334857456728963
882,783,100,-12.275000000000002,0.01,18.18,3.71,3.17,2.57,0.11,0.010354216258830692
883,784,100,-12.301000000000002,0.01,18.29,3.72,3.18,2.58,0.11,0.010358439490728526
884,785,100,-12.300500000000001,0.01,18.35,3.71,3.17,2.59,0.11,0.01035606801824429
885,786,100,-12.267500000000002,0.01,18.26,3.68,3.15,2.56,0.11,0.010343166699868336
886,787,100,-12.224500000000003,0.01,18.41,3.72,3.19,2.59,0.11,0.010443956171591787
887,788,100,-12.213000000000001,0.01,18.36,3.73,3.18,2.62,0.11,0.010299581674553034
888,789,100,-12.225500000000002,0.01,18.4,3.74,3.19,2.63,0.11,0.010310001447723758
889,790,100,-12.247500000000002,0.01,18.15,3.7,3.16,2.6,0.1,0.010199155963476791
890,791,100,-12.163000000000002,0.01,17.96,3.63,3.11,2.57,0.09,0.010081113353620639
891,792,100,-12.066,0.01,18.04,3.61,3.1,2.56,0.09,0.010068955052026974
892,793,100,-12.028500000000001,0.01,17.94,3.58,3.08,2.53,0.09,0.010058580554625612
893,794,100,-12.065000000000003,0.01,17.79,3.53,3.04,2.51,0.11,0.01025443306991331
894,795,100,-12.114500000000003,0.01,17.94,3.56,3.07,2.53,0.11,0.010260906395397276
895,796,100,-12.1965,0.01,17.9,3.55,3.06,2.53,0.11,0.010247556114291062
896,797,100,-12.207500000000003,0.01,17.95,3.56,3.07,2.54,0.11,0.010564859857827855
897,798,100,-12.239500000000003,0.01,18.09,3.57,3.08,2.55,0.11,0.010562593986092566
898,799,100,-12.248500000000002,0.01,18.11,3.57,3.08,2.55,0.11,0.010551348942692393
899,800,100,-12.213000000000001,0.01,18.11,3.52,3.04,2.52,0.11,0.010535557949170007
900,801,100,-12.234000000000002,0.01,17.91,3.46,2.98,2.48,0.1,0.010413879199760192
901,802,100,-12.274000000000001,0.01,17.74,3.42,2.94,2.45,0.1,0.010406551792066177
902,803,100,-12.246500000000001,0.01,17.65,3.41,2.93,2.44,0.1,0.010406693522750463
903,804,100,-12.207500000000003,0.01,17.87,3.44,2.96,2.47,0.1,0.010402353165739122
904,805,100,-12.178000000000003,0.01,17.87,3.39,2.94,2.46,0.09,0.010393194710205216
905,806,100,-12.169500000000003,0.01,18.14,3.46,2.99,2.51,0.09,0.01057322482944193
906,807,100,-12.212500000000002,0.01,17.87,3.45,2.98,2.5,0.09,0.010402893895293029
907,808,100,-12.167500000000002,0.01,18.07,3.48,3.0,2.52,0.09,0.01049274502297823
908,809,100,-12.183000000000002,0.01,18.34,3.58,3.1,2.56,0.09,0.010564774345655057
909,810,100,-12.286000000000001,0.01,18.32,3.6,3.11,2.59,0.09,0.010579951132485528
910,811,100,-12.300500000000001,0.01,18.1,3.53,3.06,2.56,0.08,0.010411594335933567
911,812,100,-12.327500000000002,0.01,18.37,3.65,3.16,2.62,0.09,0.010424966858712376
912,813,100,-12.313500000000001,0.01,18.34,3.64,3.15,2.61,0.08,0.010428656174348088
913,814,100,-12.260500000000002,0.01,18.19,3.6,3.11,2.59,0.08,0.01066443223896048
914,815,100,-12.262000000000002,0.01,18.23,3.6,3.11,2.59,0.08,0.010877006062238386
915,816,100,-12.157000000000004,0.01,18.26,3.57,3.07,2.57,0.07,0.011050322793737634
916,817,100,-12.1735,0.01,18.35,3.57,3.07,2.57,0.07,0.011058744926901183
917,818,100,-12.060500000000001,0.01,18.41,3.53,3.04,2.54,0.07,0.01103195676170984
918,819,100,-12.134500000000003,0.01,18.36,3.51,3.02,2.53,0.07,0.010842139893117475
919,820,100,-12.122500000000002,0.01,18.36,3.51,3.01,2.54,0.07,0.010735975180503407
920,821,100,-12.111500000000001,0.01,18.36,3.5,2.98,2.55,0.07,0.010827546906097907
921,822,100,-12.130000000000003,0.01,18.43,3.51,2.99,2.55,0.07,0.010741302665797713
922,823,100,-12.103000000000002,0.01,18.64,3.57,3.03,2.59,0.07,0.010817922143623886
923,824,100,-12.121500000000001,0.01,18.7,3.58,3.04,2.6,0.07,0.010800080797560901
924,825,100,-12.141000000000002,0.01,18.8,3.58,3.04,2.6,0.07,0.011176847917302899
925,826,100,-12.142500000000002,0.01,18.81,3.58,3.04,2.6,0.07,0.011472621101555495
926,827,100,-12.141000000000002,0.01,18.81,3.58,3.04,2.61,0.07,0.011497286943524072
927,828,100,-12.122500000000002,0.01,18.81,3.54,3.02,2.61,0.07,0.011504069576931735
928,829,100,-12.161000000000001,0.01,18.64,3.5,2.98,2.59,0.07,0.011298757715875376
929,830,100,-12.228500000000002,0.01,18.58,3.47,2.96,2.56,0.07,0.011289415955317456
930,831,100,-12.227500000000003,0.01,18.54,3.48,2.97,2.57,0.07,0.011512522887158743
931,832,100,-12.235500000000002,0.01,18.29,3.4,2.93,2.53,0.07,0.011514417355270505
932,833,100,-12.107000000000003,0.01,18.29,3.35,2.89,2.51,0.07,0.011333456191284341
933,834,100,-12.044500000000003,0.01,18.47,3.36,2.91,2.49,0.07,0.011329684500263918
934,835,100,-12.074000000000002,0.01,18.26,3.32,2.87,2.48,0.07,0.011339822264431787
935,836,100,-12.035500000000003,0.01,18.42,3.36,2.89,2.5,0.07,0.011577880292431618
936,837,100,-11.961500000000001,0.01,18.25,3.29,2.84,2.45,0.07,0.011344372604941099
937,838,100,-11.922000000000002,0.01,18.25,3.22,2.8,2.42,0.07,0.011350186521426546
938,839,100,-11.817500000000003,0.01,18.29,3.2,2.79,2.4,0.07,0.011548738384730122
939,840,100,-11.807000000000002,0.01,18.24,3.2,2.79,2.4,0.07,0.011562231395571538
940,841,100,-11.789000000000001,0.01,18.24,3.17,2.78,2.39,0.06,0.01171284008272866
941,842,100,-11.764500000000004,0.01,18.5,3.22,2.82,2.43,0.06,0.01172714470858861
942,843,100,-11.671000000000001,0.01,18.57,3.21,2.81,2.42,0.06,0.011595278447543614
943,844,100,-11.704500000000003,0.01,18.7,3.22,2.82,2.43,0.06,0.011601424351837001
944,845,100,-11.615500000000003,0.01,18.81,3.21,2.81,2.42,0.06,0.011795408555629194
945,846,100,-11.5935,0.01,18.76,3.19,2.79,2.41,0.06,0.011790463028759537
946,847,100,-11.608000000000002,0.01,19.02,3.3,2.86,2.45,0.06,0.011791472032174
947,848,100,-11.623500000000002,0.01,18.86,3.22,2.79,2.39,0.06,0.011705726517163213
948,849,100,-11.464,0.02,19.01,3.25,2.82,2.41,0.06,0.011858056547920728
949,850,100,-11.453000000000001,0.02,19.0,3.24,2.81,2.41,0.04,0.011873498266825606
950,851,100,-11.407000000000004,0.02,19.0,3.16,2.76,2.37,0.04,0.011877489969726962
951,852,100,-11.426000000000002,0.02,19.06,3.18,2.78,2.39,0.04,0.011897634815451865
952,853,100,-11.427000000000003,0.02,18.78,3.11,2.73,2.33,0.04,0.011708441659951758
953,854,100,-11.454500000000003,0.02,18.51,3.09,2.7,2.31,0.04,0.011613873710339754
954,855,100,-11.399500000000003,0.02,18.38,3.04,2.66,2.27,0.04,0.011476887839228995
955,856,100,-11.395500000000002,0.02,18.09,2.96,2.59,2.22,0.04,0.01267676257385142
956,857,100,-11.451,0.02,18.29,2.99,2.62,2.25,0.04,0.01280154008383199
957,858,100,-11.485000000000003,0.02,18.42,3.01,2.64,2.27,0.04,0.012792352949746493
958,859,100,-11.419500000000003,0.02,18.54,3.02,2.66,2.26,0.04,0.01297363356482633
959,860,100,-11.407000000000004,0.02,18.51,3.01,2.65,2.26,0.04,0.013009335387757986
960,861,100,-11.397500000000003,0.02,18.26,2.91,2.57,2.2,0.04,0.012914659134469155
961,862,100,-11.363500000000002,0.02,18.15,2.89,2.55,2.18,0.04,0.012906352488430164
962,863,100,-11.319500000000003,0.02,18.06,2.85,2.51,2.15,0.03,0.01288884878518427
963,864,100,-11.271500000000001,0.02,17.9,2.82,2.48,2.13,0.03,0.013061676653252505
964,865,100,-11.255500000000001,0.02,17.82,2.83,2.48,2.14,0.03,0.013064361820335452
965,866,100,-11.1865,0.02,17.99,2.83,2.48,2.13,0.03,0.01319142830040294
966,867,100,-11.165500000000002,0.02,18.22,2.89,2.53,2.17,0.03,0.013320161005065747
967,868,100,-11.154000000000002,0.02,18.22,2.87,2.51,2.14,0.03,0.013615474156250371
968,869,100,-11.137500000000003,0.02,18.13,2.87,2.5,2.14,0.03,0.013612338298733153
969,870,100,-11.146,0.02,18.11,2.89,2.51,2.16,0.03,0.013621284899258483
970,871,100,-11.134,0.02,18.39,2.95,2.57,2.21,0.03,0.01362213309570538
971,872,100,-11.101500000000001,0.02,18.3,2.93,2.55,2.19,0.03,0.013619168812532008
972,873,100,-11.311000000000002,0.01,18.33,2.94,2.56,2.2,0.03,0.013625396201742843
973,874,100,-11.275000000000002,0.01,18.6,2.97,2.59,2.23,0.03,0.013683052742084208
974,875,100,-11.318000000000001,0.01,18.44,2.93,2.55,2.21,0.03,0.013763628872095814
975,876,100,-11.233500000000001,0.01,18.21,2.86,2.49,2.17,0.03,0.013909266245019376
976,877,100,-11.245500000000002,0.01,18.28,2.86,2.49,2.17,0.03,0.014010205804536803
977,878,100,-11.175500000000001,0.01,18.03,2.84,2.47,2.15,0.03,0.013754229142541203
978,879,100,-11.176000000000002,0.01,18.03,2.85,2.48,2.15,0.03,0.013753286577156883
979,880,100,-11.190500000000002,0.01,18.32,2.96,2.57,2.21,0.03,0.0109787548566403
980,881,100,-11.165500000000002,0.01,18.32,2.91,2.54,2.21,0.03,0.011007200940392894
981,882,100,-11.152500000000002,0.01,18.31,2.89,2.52,2.19,0.03,0.01096445770347261
982,883,100,-11.202000000000004,0.01,18.05,2.89,2.5,2.22,0.03,0.01093594380579659
983,884,100,-11.185000000000002,0.01,17.99,2.88,2.49,2.21,0.03,0.010935908471744327
984,885,100,-11.150500000000001,0.01,17.81,2.88,2.48,2.21,0.03,0.011431613299657677
985,886,100,-11.155000000000003,0.01,17.84,2.88,2.48,2.21,0.03,0.011457486880838025
986,887,100,-11.145500000000002,0.01,17.84,2.87,2.46,2.21,0.03,0.011376194517779716
987,888,100,-11.148500000000002,0.01,17.92,2.84,2.45,2.17,0.03,0.011393479642887559
988,889,100,-11.102500000000003,0.01,18.17,2.85,2.46,2.18,0.03,0.011417577021912942
989,890,100,-11.152000000000003,0.01,18.35,2.88,2.49,2.2,0.03,0.011585412507118278
990,891,100,-11.128000000000002,0.01,18.59,2.94,2.52,2.24,0.03,0.011692770933555991
991,892,100,-11.159500000000003,0.01,18.42,2.88,2.47,2.21,0.03,0.011876760656161561
992,893,100,-11.179,0.01,18.69,3.0,2.55,2.27,0.04,0.011957943918912996
993,894,100,-11.182500000000003,0.01,18.7,3.01,2.56,2.28,0.02,0.011852540129710314
994,895,100,-11.150500000000001,0.01,18.59,3.0,2.54,2.28,0.02,0.011864782394464918
995,896,100,-11.055000000000001,0.01,18.63,3.01,2.54,2.29,0.02,0.011959273821199387
996,897,100,-11.041000000000002,0.01,18.58,3.0,2.53,2.28,0.02,0.012357430964957792
997,898,100,-11.024500000000003,0.01,18.49,3.0,2.53,2.28,0.03,0.01239184317450383
998,899,100,-10.976,0.01,18.71,3.02,2.55,2.3,0.03,0.012462895038879304
999,900,100,-11.002000000000002,0.01,18.71,3.06,2.57,2.32,0.03,0.012612006823039599
1000,901,100,-10.998000000000001,0.01,18.75,3.04,2.55,2.3,0.03,0.01282428521392493
