seed,algorithm,global_steps,optimizer_updates,completed_episodes,post_floor_transitions,post_floor_episodes,train_recovery,train_return,train_damage,train_timeout,train_incorrect_declare,viability_violations,shield_interventions,shield_relaxations,empty_masks,finite_loss,max_loss,finite_parameters,finite_q,max_abs_parameter,training_runtime_seconds,unique_train_scenarios,min_scenario_samples,max_scenario_samples,mean_scenario_samples,eval_training_exposure
2026,vanilla,35747,34748,3000,15747,1711,0.8842781998831093,6.26572180011689,0.7142022209234365,0.08416130917592052,0.031560490940970194,0,0,0,0,True,0.8825406233469645,True,True,2.0753698348999023,230.15603349998128,204,6,28,14.705882352941176,0
2027,vanilla,35747,34748,3878,15747,2476,0.9584006462035541,7.435521001615508,0.8957996768982229,0.021809369951534735,0.01978998384491115,0,0,0,0,True,0.9988054186105728,True,True,2.4844582080841064,229.0595164000988,204,9,33,19.014705882352942,0
2028,vanilla,35747,34748,4273,15747,2630,0.9589353612167301,7.801996197718632,0.47300380228136885,0.02167300380228137,0.019391634980988594,0,0,0,0,True,1.0424890369176865,True,True,1.8128888607025146,216.67270839994308,204,11,33,20.95098039215686,0
2029,vanilla,35747,34748,4269,15747,2707,0.9759881787957149,7.6816586627262655,0.8647949759881788,0.001847063169560399,0.02216475803472479,0,0,0,0,True,0.8804148946489606,True,True,2.107844352722168,225.4470183000667,204,12,36,20.926470588235293,0
2030,vanilla,35747,34748,4441,15747,2567,0.9555901830931048,7.377366575769379,0.872224386443319,0.01675107128944293,0.02765874561745228,0,0,0,0,True,0.8538740992546081,True,True,2.6292614936828613,224.31940989999566,204,12,34,21.774509803921568,0
2031,vanilla,35747,34748,4351,15747,2698,0.9699777613046702,7.7102483320978505,0.7746478873239436,0.010378057820607857,0.019644180874722018,0,0,0,0,True,1.3124697804450989,True,True,2.051121473312378,226.50696430006064,204,11,33,21.333333333333332,0
2032,vanilla,35747,34748,3773,15747,2437,0.954862535904801,7.7040623717685675,0.4398851046368486,0.023389413212966764,0.021748050882232254,0,0,0,0,True,1.1992823839187623,True,True,1.453408122062683,233.34481189993676,204,8,30,18.5,0
2033,vanilla,35747,34748,3256,15747,1934,0.9229576008273009,6.856075491209927,0.6675284384694933,0.045501551189245086,0.03154084798345398,0,0,0,0,True,1.0142385363578796,True,True,1.487121820449829,231.07069840002805,204,8,28,15.965686274509803,0
2034,vanilla,35747,34748,4427,15747,2741,0.9719080627508209,8.018971178402044,0.4177307551988325,0.009485589201021525,0.018606348048157608,0,0,0,0,True,0.9724426021178564,True,True,1.9478485584259033,238.53980110003613,204,10,33,21.705882352941178,0
2035,vanilla,35747,34748,2141,15747,790,0.43670886075949367,-0.8437341772151913,1.559493670886076,0.489873417721519,0.07341772151898734,0,0,0,0,True,0.8499932587146759,True,True,2.3475584983825684,237.44039599993266,204,2,20,10.5,0
2026,safe,35747,34748,6192,15747,3423,0.9669880222027462,8.202497808939526,0.14840782938942448,0.0023371311714869996,0.03067484662576687,0,17924,875,0,True,1.784012794494629,True,True,2.6212430000305176,249.47890150011517,204,18,50,30.357843137254903,0
2027,safe,35747,34748,6755,15747,3482,0.9709936817920736,8.267719701321079,0.15134979896611142,0.0,0.029006318207926478,0,21519,970,0,True,1.6704145073890686,True,True,2.6942734718322754,252.13709009997547,204,20,52,33.11274509803921,0
2028,safe,35747,34748,6694,15747,3444,0.9671893147502904,8.20121951219512,0.14576074332171893,0.0014518002322880372,0.0313588850174216,0,17120,929,0,True,1.8266746203104656,True,True,2.685351848602295,244.82362300006207,204,20,45,32.81372549019608,0
2029,safe,35747,34748,6565,15747,3019,0.9523020867837032,7.900811526995693,0.16031798608810865,0.012255713812520701,0.03544219940377608,0,21451,983,0,True,2.0614718198776245,True,True,1.5199235677719116,244.66822330001742,204,20,47,32.18627450980392,0
2030,safe,35747,34748,5727,15747,3385,0.9657311669128508,8.173426883308714,0.15568685376661742,0.0032496307237813884,0.0310192023633678,0,20285,826,0,True,2.549684762954712,True,True,2.1711196899414062,249.6964323000284,204,16,42,28.07843137254902,0
2031,safe,35747,34748,6539,15747,3343,0.9626084355369429,8.101764881842655,0.14119054741250375,0.002991325157044571,0.03440023930601256,0,22283,893,0,True,1.6586798826853435,True,True,2.650649070739746,248.12615070003085,204,18,47,32.05882352941177,0
2032,safe,35747,34748,5412,15747,2885,0.9445407279029463,7.7644367417677636,0.1511265164644714,0.016984402079722703,0.03847487001733102,0,20031,758,0,True,1.5742948736463274,True,True,2.299916982650757,254.80530280002858,204,14,40,26.529411764705884,0
2033,safe,35747,34748,2618,15747,598,0.07525083612040134,-5.536454849498328,0.11538461538461539,0.7508361204013378,0.17391304347826086,0,13482,332,0,True,1.7734318971633911,True,True,2.4502599239349365,251.2935488000512,204,4,23,12.833333333333334,0
2034,safe,35747,34748,6857,15747,3403,0.9582721128416103,8.044328533646782,0.15956508962679988,0.004995592124595945,0.03673229503379371,0,12093,1003,0,True,1.5702278539538383,True,True,2.7459850311279297,263.0048653000267,204,19,47,33.61274509803921,0
2035,safe,35747,34748,5521,15747,3060,0.949673202614379,7.850359477124183,0.15816993464052287,0.011437908496732025,0.03888888888888889,0,12165,766,0,True,1.717713475227356,True,True,2.263040781021118,261.4123222999042,204,15,40,27.068627450980394,0
